Müşteri Numarası,Anket ID,Puan
693,1,5
693,2,5
693,3,2
3307,1,2
3307,2,2
3307,3,4
3186,1,2
3186,2,4
3186,3,2
4646,1,2
4646,2,4
4646,3,3
66,1,2
66,2,1
66,3,2
1493,1,3
1493,2,5
1493,3,2
2025,1,3
2025,2,2
2025,3,5
995,1,2
995,2,3
995,3,2
565,1,5
565,2,5
565,3,1
2378,1,1
2378,2,1
2378,3,3
4114,1,5
4114,2,1
4114,3,3
1774,1,2
1774,2,5
1774,3,1
4741,1,3
4741,2,5
4741,3,2
2278,1,5
2278,2,5
2278,3,3
2634,1,2
2634,2,5
2634,3,4
3163,1,5
3163,2,3
3163,3,4
3376,1,1
3376,2,1
3376,3,2
1124,1,3
1124,2,5
1124,3,2
103,1,2
103,2,3
103,3,2
2044,1,3
2044,2,2
2044,3,3
2186,1,5
2186,2,1
2186,3,1
2698,1,5
2698,2,5
2698,3,5
1818,1,2
1818,2,2
1818,3,2
1601,1,4
1601,2,3
1601,3,4
552,1,5
552,2,4
552,3,5
2379,1,4
2379,2,5
2379,3,5
2145,1,5
2145,2,1
2145,3,4
912,1,3
912,2,4
912,3,3
4707,1,1
4707,2,4
4707,3,2
2271,1,1
2271,2,3
2271,3,5
1120,1,1
1120,2,3
1120,3,2
2658,1,2
2658,2,1
2658,3,4
2982,1,4
2982,2,3
2982,3,5
3740,1,2
3740,2,1
3740,3,5
1573,1,2
1573,2,1
1573,3,4
3653,1,3
3653,2,1
3653,3,5
1071,1,1
1071,2,4
1071,3,5
2759,1,3
2759,2,3
2759,3,5
1494,1,5
1494,2,1
1494,3,4
1384,1,4
1384,2,4
1384,3,2
4606,1,3
4606,2,3
4606,3,5
1501,1,5
1501,2,4
1501,3,5
157,1,5
157,2,4
157,3,4
1569,1,2
1569,2,2
1569,3,5
3748,1,4
3748,2,1
3748,3,2
4222,1,1
4222,2,2
4222,3,5
4376,1,3
4376,2,3
4376,3,4
2231,1,4
2231,2,4
2231,3,3
1342,1,4
1342,2,1
1342,3,1
4194,1,2
4194,2,3
4194,3,1
4089,1,3
4089,2,4
4089,3,4
2746,1,5
2746,2,2
2746,3,2
848,1,3
848,2,1
848,3,1
1776,1,3
1776,2,2
1776,3,1
4625,1,3
4625,2,4
4625,3,1
893,1,1
893,2,5
893,3,1
2975,1,2
2975,2,2
2975,3,4
1423,1,2
1423,2,2
1423,3,4
918,1,1
918,2,1
918,3,4
297,1,2
297,2,2
297,3,2
1398,1,5
1398,2,2
1398,3,3
1757,1,4
1757,2,1
1757,3,2
368,1,5
368,2,1
368,3,4
886,1,2
886,2,5
886,3,2
4645,1,2
4645,2,4
4645,3,2
3009,1,4
3009,2,1
3009,3,1
515,1,1
515,2,4
515,3,3
3203,1,3
3203,2,3
3203,3,1
2442,1,5
2442,2,4
2442,3,2
4416,1,5
4416,2,3
4416,3,2
2061,1,3
2061,2,1
2061,3,1
2531,1,1
2531,2,2
2531,3,4
803,1,1
803,2,2
803,3,4
1961,1,4
1961,2,5
1961,3,2
3477,1,3
3477,2,1
3477,3,4
3395,1,5
3395,2,2
3395,3,4
4550,1,1
4550,2,3
4550,3,3
4862,1,5
4862,2,2
4862,3,4
1263,1,2
1263,2,2
1263,3,4
176,1,2
176,2,3
176,3,2
2532,1,4
2532,2,4
2532,3,1
16,1,5
16,2,1
16,3,5
317,1,3
317,2,5
317,3,4
4177,1,1
4177,2,5
4177,3,5
3253,1,3
3253,2,5
3253,3,1
1407,1,3
1407,2,2
1407,3,4
2713,1,5
2713,2,5
2713,3,5
1358,1,2
1358,2,5
1358,3,3
1014,1,3
1014,2,1
1014,3,4
3766,1,2
3766,2,2
3766,3,4
3455,1,1
3455,2,1
3455,3,5
1405,1,5
1405,2,5
1405,3,2
4735,1,4
4735,2,5
4735,3,1
1205,1,2
1205,2,3
1205,3,5
2852,1,1
2852,2,5
2852,3,5
2092,1,1
2092,2,3
2092,3,2
688,1,2
688,2,2
688,3,5
4637,1,5
4637,2,5
4637,3,2
2277,1,1
2277,2,4
2277,3,1
1874,1,2
1874,2,5
1874,3,1
1969,1,4
1969,2,4
1969,3,3
4268,1,3
4268,2,2
4268,3,3
3385,1,2
3385,2,4
3385,3,2
3134,1,4
3134,2,5
3134,3,5
1930,1,2
1930,2,4
1930,3,4
2576,1,5
2576,2,3
2576,3,4
37,1,5
37,2,1
37,3,5
4647,1,2
4647,2,2
4647,3,4
1737,1,1
1737,2,3
1737,3,3
4242,1,5
4242,2,5
4242,3,1
2643,1,2
2643,2,3
2643,3,4
4866,1,5
4866,2,4
4866,3,3
3920,1,5
3920,2,3
3920,3,2
4362,1,5
4362,2,4
4362,3,3
2172,1,3
2172,2,1
2172,3,5
3085,1,2
3085,2,4
3085,3,1
324,1,2
324,2,4
324,3,4
907,1,2
907,2,5
907,3,4
2720,1,1
2720,2,2
2720,3,1
2255,1,1
2255,2,3
2255,3,2
3161,1,3
3161,2,5
3161,3,4
1311,1,5
1311,2,2
1311,3,3
3654,1,2
3654,2,4
3654,3,2
2884,1,2
2884,2,1
2884,3,1
358,1,4
358,2,2
358,3,2
3725,1,2
3725,2,3
3725,3,2
3167,1,5
3167,2,5
3167,3,4
4742,1,4
4742,2,1
4742,3,2
4863,1,2
4863,2,1
4863,3,1
381,1,3
381,2,5
381,3,3
3494,1,1
3494,2,1
3494,3,5
98,1,5
98,2,5
98,3,5
3777,1,3
3777,2,4
3777,3,3
477,1,1
477,2,1
477,3,2
1181,1,5
1181,2,3
1181,3,3
4303,1,3
4303,2,1
4303,3,5
784,1,5
784,2,1
784,3,4
2627,1,4
2627,2,1
2627,3,3
1224,1,5
1224,2,4
1224,3,5
1526,1,4
1526,2,2
1526,3,3
640,1,5
640,2,4
640,3,4
2342,1,2
2342,2,4
2342,3,5
1580,1,2
1580,2,1
1580,3,2
1285,1,4
1285,2,3
1285,3,2
1759,1,3
1759,2,3
1759,3,1
4019,1,3
4019,2,3
4019,3,2
4601,1,2
4601,2,4
4601,3,2
4213,1,5
4213,2,5
4213,3,3
2951,1,2
2951,2,4
2951,3,3
1190,1,1
1190,2,3
1190,3,3
2346,1,4
2346,2,4
2346,3,1
4957,1,4
4957,2,1
4957,3,1
146,1,3
146,2,5
146,3,3
1029,1,2
1029,2,3
1029,3,5
3224,1,3
3224,2,1
3224,3,4
2036,1,2
2036,2,5
2036,3,4
933,1,5
933,2,5
933,3,5
3878,1,5
3878,2,4
3878,3,4
1377,1,5
1377,2,3
1377,3,1
4790,1,5
4790,2,4
4790,3,3
1598,1,4
1598,2,1
1598,3,4
4346,1,4
4346,2,2
4346,3,3
2220,1,4
2220,2,4
2220,3,4
2654,1,4
2654,2,1
2654,3,1
5000,1,4
5000,2,5
5000,3,2
2480,1,1
2480,2,5
2480,3,3
780,1,3
780,2,1
780,3,2
541,1,5
541,2,2
541,3,3
2164,1,5
2164,2,5
2164,3,1
1524,1,1
1524,2,5
1524,3,5
1543,1,1
1543,2,4
1543,3,1
1664,1,3
1664,2,2
1664,3,5
2298,1,4
2298,2,2
2298,3,5
4064,1,4
4064,2,1
4064,3,2
1299,1,1
1299,2,1
1299,3,4
4442,1,3
4442,2,5
4442,3,1
2923,1,4
2923,2,4
2923,3,4
3428,1,4
3428,2,1
3428,3,1
4777,1,5
4777,2,4
4777,3,4
1892,1,5
1892,2,3
1892,3,1
892,1,2
892,2,4
892,3,1
3515,1,4
3515,2,2
3515,3,1
2375,1,2
2375,2,3
2375,3,1
1154,1,1
1154,2,4
1154,3,2
1790,1,3
1790,2,5
1790,3,5
3057,1,2
3057,2,5
3057,3,4
2785,1,2
2785,2,2
2785,3,2
14,1,3
14,2,2
14,3,3
4097,1,5
4097,2,2
4097,3,2
2141,1,3
2141,2,3
2141,3,1
850,1,5
850,2,3
850,3,3
4693,1,3
4693,2,1
4693,3,5
2440,1,3
2440,2,2
2440,3,2
2780,1,3
2780,2,5
2780,3,1
2191,1,5
2191,2,2
2191,3,5
193,1,3
193,2,4
193,3,1
215,1,1
215,2,5
215,3,5
1256,1,3
1256,2,5
1256,3,2
4153,1,5
4153,2,5
4153,3,2
3006,1,2
3006,2,1
3006,3,1
4390,1,3
4390,2,5
4390,3,4
602,1,1
602,2,2
602,3,5
4058,1,2
4058,2,5
4058,3,3
2487,1,3
2487,2,5
2487,3,4
2124,1,2
2124,2,5
2124,3,1
4577,1,2
4577,2,3
4577,3,2
303,1,2
303,2,5
303,3,1
1518,1,1
1518,2,2
1518,3,5
2902,1,1
2902,2,3
2902,3,2
2613,1,1
2613,2,5
2613,3,1
1999,1,2
1999,2,5
1999,3,3
1098,1,1
1098,2,2
1098,3,1
4444,1,4
4444,2,2
4444,3,5
695,1,5
695,2,5
695,3,2
1722,1,1
1722,2,3
1722,3,5
3150,1,2
3150,2,3
3150,3,2
3348,1,4
3348,2,1
3348,3,5
2844,1,4
2844,2,4
2844,3,1
599,1,5
599,2,2
599,3,5
525,1,5
525,2,3
525,3,2
2802,1,1
2802,2,2
2802,3,4
2467,1,4
2467,2,5
2467,3,5
3242,1,5
3242,2,2
3242,3,2
3118,1,5
3118,2,2
3118,3,2
3970,1,1
3970,2,2
3970,3,4
4253,1,3
4253,2,5
4253,3,1
2450,1,2
2450,2,4
2450,3,4
4576,1,3
4576,2,5
4576,3,4
91,1,2
91,2,5
91,3,4
3981,1,5
3981,2,2
3981,3,3
972,1,3
972,2,5
972,3,1
4348,1,3
4348,2,3
4348,3,3
2151,1,3
2151,2,3
2151,3,2
2178,1,3
2178,2,4
2178,3,2
1346,1,4
1346,2,4
1346,3,2
1652,1,1
1652,2,1
1652,3,1
2677,1,5
2677,2,1
2677,3,2
4031,1,5
4031,2,5
4031,3,3
1682,1,1
1682,2,4
1682,3,1
4087,1,2
4087,2,1
4087,3,1
2193,1,1
2193,2,5
2193,3,2
3389,1,5
3389,2,2
3389,3,2
4952,1,2
4952,2,5
4952,3,5
3000,1,3
3000,2,3
3000,3,4
4158,1,2
4158,2,2
4158,3,2
2657,1,3
2657,2,1
2657,3,4
3762,1,5
3762,2,5
3762,3,5
3623,1,1
3623,2,4
3623,3,5
694,1,1
694,2,4
694,3,5
1386,1,1
1386,2,1
1386,3,5
3355,1,1
3355,2,4
3355,3,1
4624,1,4
4624,2,3
4624,3,2
1427,1,2
1427,2,5
1427,3,5
4970,1,5
4970,2,2
4970,3,2
4605,1,2
4605,2,2
4605,3,4
49,1,2
49,2,4
49,3,2
3238,1,2
3238,2,3
3238,3,3
3826,1,2
3826,2,4
3826,3,5
172,1,5
172,2,3
172,3,3
3341,1,4
3341,2,3
3341,3,1
1096,1,1
1096,2,3
1096,3,1
820,1,4
820,2,2
820,3,1
4900,1,3
4900,2,5
4900,3,5
2810,1,3
2810,2,2
2810,3,4
4575,1,1
4575,2,5
4575,3,3
4698,1,4
4698,2,1
4698,3,5
4202,1,2
4202,2,3
4202,3,4
4368,1,3
4368,2,5
4368,3,2
3128,1,5
3128,2,4
3128,3,2
3247,1,4
3247,2,1
3247,3,2
89,1,5
89,2,4
89,3,5
201,1,4
201,2,2
201,3,1
4534,1,1
4534,2,5
4534,3,5
4187,1,5
4187,2,1
4187,3,5
409,1,2
409,2,4
409,3,1
1032,1,1
1032,2,5
1032,3,2
3609,1,4
3609,2,4
3609,3,4
1564,1,2
1564,2,2
1564,3,4
2660,1,2
2660,2,5
2660,3,5
4168,1,1
4168,2,4
4168,3,5
3551,1,4
3551,2,4
3551,3,4
1466,1,2
1466,2,5
1466,3,3
2590,1,1
2590,2,5
2590,3,4
3349,1,4
3349,2,1
3349,3,2
1381,1,4
1381,2,5
1381,3,3
1268,1,1
1268,2,2
1268,3,2
730,1,1
730,2,1
730,3,3
3553,1,1
3553,2,1
3553,3,1
856,1,2
856,2,4
856,3,2
2777,1,3
2777,2,3
2777,3,5
1283,1,2
1283,2,2
1283,3,1
2681,1,1
2681,2,4
2681,3,1
2498,1,4
2498,2,4
2498,3,1
635,1,1
635,2,1
635,3,1
2641,1,3
2641,2,4
2641,3,2
2383,1,5
2383,2,4
2383,3,5
2739,1,1
2739,2,3
2739,3,2
3114,1,3
3114,2,5
3114,3,3
1082,1,2
1082,2,1
1082,3,2
3945,1,5
3945,2,1
3945,3,4
4001,1,3
4001,2,2
4001,3,4
3125,1,3
3125,2,3
3125,3,5
3953,1,4
3953,2,2
3953,3,4
3195,1,2
3195,2,1
3195,3,2
4913,1,1
4913,2,2
4913,3,2
1083,1,1
1083,2,4
1083,3,1
4621,1,1
4621,2,2
4621,3,1
1625,1,5
1625,2,2
1625,3,2
1303,1,2
1303,2,3
1303,3,3
4142,1,2
4142,2,1
4142,3,1
4135,1,1
4135,2,2
4135,3,2
2493,1,2
2493,2,4
2493,3,2
4426,1,4
4426,2,3
4426,3,5
4272,1,4
4272,2,2
4272,3,3
1508,1,1
1508,2,2
1508,3,5
521,1,3
521,2,3
521,3,2
2096,1,1
2096,2,4
2096,3,3
4699,1,3
4699,2,2
4699,3,4
1045,1,3
1045,2,2
1045,3,1
634,1,3
634,2,5
634,3,5
2479,1,4
2479,2,1
2479,3,4
267,1,5
267,2,1
267,3,5
4315,1,1
4315,2,2
4315,3,1
363,1,4
363,2,4
363,3,3
2656,1,5
2656,2,1
2656,3,5
2813,1,1
2813,2,4
2813,3,4
2107,1,5
2107,2,4
2107,3,4
2331,1,5
2331,2,4
2331,3,4
4976,1,3
4976,2,4
4976,3,5
3793,1,5
3793,2,3
3793,3,3
2413,1,4
2413,2,2
2413,3,2
4554,1,1
4554,2,5
4554,3,5
2201,1,1
2201,2,2
2201,3,2
3921,1,4
3921,2,1
3921,3,5
4641,1,2
4641,2,2
4641,3,3
1836,1,1
1836,2,5
1836,3,2
2528,1,5
2528,2,3
2528,3,1
1581,1,5
1581,2,1
1581,3,4
1808,1,2
1808,2,5
1808,3,4
590,1,3
590,2,1
590,3,2
1539,1,4
1539,2,5
1539,3,2
4780,1,5
4780,2,4
4780,3,4
3108,1,2
3108,2,3
3108,3,4
4475,1,2
4475,2,3
4475,3,2
1773,1,1
1773,2,4
1773,3,1
1333,1,2
1333,2,5
1333,3,5
4749,1,1
4749,2,1
4749,3,5
1446,1,2
1446,2,1
1446,3,3
1305,1,2
1305,2,5
1305,3,5
4452,1,2
4452,2,3
4452,3,2
2306,1,4
2306,2,2
2306,3,2
2281,1,2
2281,2,5
2281,3,4
1490,1,2
1490,2,3
1490,3,1
4932,1,3
4932,2,1
4932,3,1
4447,1,1
4447,2,4
4447,3,1
4192,1,3
4192,2,1
4192,3,2
1435,1,1
1435,2,3
1435,3,3
662,1,3
662,2,4
662,3,5
1956,1,1
1956,2,1
1956,3,4
4706,1,5
4706,2,5
4706,3,5
488,1,5
488,2,5
488,3,5
3915,1,2
3915,2,3
3915,3,2
3743,1,5
3743,2,2
3743,3,2
4515,1,2
4515,2,4
4515,3,1
3823,1,5
3823,2,5
3823,3,3
1898,1,4
1898,2,2
1898,3,1
1611,1,4
1611,2,2
1611,3,5
2910,1,5
2910,2,5
2910,3,3
1946,1,5
1946,2,5
1946,3,2
3735,1,1
3735,2,5
3735,3,1
741,1,1
741,2,2
741,3,4
2674,1,1
2674,2,4
2674,3,1
2180,1,2
2180,2,4
2180,3,2
973,1,1
973,2,5
973,3,5
3784,1,3
3784,2,4
3784,3,5
2962,1,1
2962,2,4
2962,3,1
373,1,3
373,2,2
373,3,5
2563,1,1
2563,2,3
2563,3,5
4163,1,3
4163,2,5
4163,3,5
3340,1,5
3340,2,2
3340,3,5
476,1,5
476,2,2
476,3,2
3918,1,1
3918,2,1
3918,3,2
4061,1,2
4061,2,3
4061,3,4
2668,1,4
2668,2,1
2668,3,3
970,1,4
970,2,4
970,3,1
4413,1,5
4413,2,5
4413,3,1
2135,1,5
2135,2,2
2135,3,4
3038,1,1
3038,2,4
3038,3,1
425,1,3
425,2,3
425,3,4
3297,1,3
3297,2,2
3297,3,5
1419,1,5
1419,2,1
1419,3,4
646,1,5
646,2,3
646,3,1
1184,1,1
1184,2,1
1184,3,5
1461,1,2
1461,2,1
1461,3,3
2205,1,2
2205,2,2
2205,3,2
2991,1,2
2991,2,1
2991,3,2
1100,1,3
1100,2,2
1100,3,5
2556,1,1
2556,2,4
2556,3,3
3582,1,5
3582,2,1
3582,3,4
2430,1,5
2430,2,5
2430,3,4
1901,1,1
1901,2,4
1901,3,3
3572,1,3
3572,2,1
3572,3,2
4532,1,3
4532,2,1
4532,3,4
226,1,5
226,2,1
226,3,2
737,1,3
737,2,2
737,3,3
2365,1,5
2365,2,5
2365,3,1
1329,1,2
1329,2,1
1329,3,5
1718,1,4
1718,2,4
1718,3,5
2085,1,5
2085,2,5
2085,3,1
1926,1,4
1926,2,1
1926,3,2
4597,1,4
4597,2,4
4597,3,4
2946,1,5
2946,2,2
2946,3,4
1349,1,3
1349,2,2
1349,3,5
39,1,2
39,2,1
39,3,2
2513,1,5
2513,2,5
2513,3,1
1691,1,5
1691,2,2
1691,3,4
895,1,4
895,2,4
895,3,3
3576,1,2
3576,2,3
3576,3,2
2855,1,1
2855,2,5
2855,3,1
4928,1,2
4928,2,5
4928,3,1
1805,1,1
1805,2,3
1805,3,2
24,1,3
24,2,1
24,3,3
3257,1,3
3257,2,2
3257,3,2
1544,1,2
1544,2,4
1544,3,3
2533,1,2
2533,2,5
2533,3,1
3245,1,2
3245,2,3
3245,3,1
3527,1,4
3527,2,1
3527,3,4
4936,1,3
4936,2,3
4936,3,4
4874,1,5
4874,2,2
4874,3,4
4149,1,5
4149,2,4
4149,3,4
2678,1,5
2678,2,3
2678,3,4
1197,1,4
1197,2,5
1197,3,4
510,1,5
510,2,2
510,3,1
4352,1,3
4352,2,4
4352,3,4
3050,1,1
3050,2,4
3050,3,5
2675,1,1
2675,2,4
2675,3,5
3261,1,5
3261,2,1
3261,3,5
2996,1,5
2996,2,1
2996,3,3
1038,1,1
1038,2,2
1038,3,3
4347,1,1
4347,2,3
4347,3,5
1183,1,1
1183,2,5
1183,3,3
809,1,1
809,2,5
809,3,2
4489,1,4
4489,2,5
4489,3,2
4649,1,4
4649,2,2
4649,3,4
2214,1,4
2214,2,1
2214,3,5
627,1,2
627,2,3
627,3,2
4816,1,5
4816,2,4
4816,3,4
2065,1,4
2065,2,1
2065,3,5
2622,1,2
2622,2,5
2622,3,2
3779,1,1
3779,2,4
3779,3,1
902,1,2
902,2,5
902,3,4
3815,1,2
3815,2,3
3815,3,2
211,1,1
211,2,5
211,3,1
609,1,2
609,2,5
609,3,2
2058,1,4
2058,2,5
2058,3,4
1421,1,3
1421,2,3
1421,3,4
2470,1,5
2470,2,3
2470,3,3
3968,1,4
3968,2,3
3968,3,1
4140,1,1
4140,2,1
4140,3,2
3694,1,5
3694,2,4
3694,3,1
1073,1,1
1073,2,4
1073,3,1
3956,1,4
3956,2,1
3956,3,4
2216,1,2
2216,2,4
2216,3,4
4120,1,3
4120,2,4
4120,3,2
362,1,1
362,2,1
362,3,5
2062,1,4
2062,2,1
2062,3,3
705,1,1
705,2,1
705,3,3
199,1,5
199,2,1
199,3,1
642,1,3
642,2,3
642,3,4
8,1,5
8,2,3
8,3,1
4785,1,1
4785,2,2
4785,3,4
2591,1,3
2591,2,2
2591,3,5
1392,1,2
1392,2,5
1392,3,5
2293,1,3
2293,2,5
2293,3,4
3280,1,3
3280,2,4
3280,3,1
2717,1,4
2717,2,3
2717,3,3
256,1,3
256,2,4
256,3,2
4121,1,3
4121,2,3
4121,3,4
2280,1,4
2280,2,5
2280,3,3
1761,1,2
1761,2,4
1761,3,1
904,1,5
904,2,4
904,3,3
1196,1,1
1196,2,4
1196,3,3
2361,1,5
2361,2,5
2361,3,5
2449,1,1
2449,2,3
2449,3,2
4635,1,2
4635,2,3
4635,3,1
842,1,4
842,2,2
842,3,3
1719,1,1
1719,2,2
1719,3,2
2366,1,5
2366,2,4
2366,3,4
2994,1,1
2994,2,1
2994,3,2
3855,1,1
3855,2,5
3855,3,4
3295,1,4
3295,2,2
3295,3,3
252,1,3
252,2,4
252,3,2
1927,1,3
1927,2,2
1927,3,2
97,1,5
97,2,5
97,3,4
413,1,5
413,2,5
413,3,5
3848,1,2
3848,2,1
3848,3,1
825,1,3
825,2,2
825,3,5
4075,1,4
4075,2,5
4075,3,2
1235,1,2
1235,2,1
1235,3,2
4203,1,4
4203,2,4
4203,3,5
3706,1,5
3706,2,5
3706,3,4
4197,1,5
4197,2,2
4197,3,5
1589,1,5
1589,2,1
1589,3,2
341,1,2
341,2,3
341,3,3
2066,1,2
2066,2,1
2066,3,4
4109,1,3
4109,2,5
4109,3,2
1136,1,5
1136,2,1
1136,3,4
1998,1,2
1998,2,2
1998,3,3
4129,1,4
4129,2,2
4129,3,2
1599,1,3
1599,2,2
1599,3,5
3501,1,4
3501,2,1
3501,3,3
1985,1,4
1985,2,5
1985,3,1
3491,1,3
3491,2,4
3491,3,2
1353,1,5
1353,2,1
1353,3,1
990,1,3
990,2,3
990,3,4
4039,1,3
4039,2,1
4039,3,1
4650,1,4
4650,2,1
4650,3,1
2506,1,3
2506,2,5
2506,3,4
1907,1,3
1907,2,5
1907,3,5
1994,1,2
1994,2,4
1994,3,3
1322,1,4
1322,2,4
1322,3,5
1484,1,2
1484,2,3
1484,3,4
1779,1,1
1779,2,1
1779,3,5
2756,1,5
2756,2,5
2756,3,1
3236,1,2
3236,2,4
3236,3,3
4945,1,2
4945,2,2
4945,3,1
392,1,1
392,2,4
392,3,5
1210,1,5
1210,2,2
1210,3,2
2433,1,5
2433,2,5
2433,3,4
1478,1,1
1478,2,3
1478,3,3
1696,1,2
1696,2,5
1696,3,3
2026,1,3
2026,2,5
2026,3,2
4855,1,3
4855,2,1
4855,3,1
3011,1,3
3011,2,3
3011,3,4
4889,1,4
4889,2,5
4889,3,3
1997,1,4
1997,2,4
1997,3,2
829,1,1
829,2,2
829,3,1
2535,1,1
2535,2,4
2535,3,2
112,1,2
112,2,4
112,3,2
4841,1,3
4841,2,2
4841,3,1
683,1,1
683,2,4
683,3,3
3035,1,4
3035,2,3
3035,3,1
2233,1,3
2233,2,3
2233,3,2
819,1,3
819,2,1
819,3,4
3715,1,4
3715,2,5
3715,3,4
4298,1,4
4298,2,2
4298,3,5
1509,1,3
1509,2,2
1509,3,3
2767,1,2
2767,2,5
2767,3,2
2504,1,3
2504,2,5
2504,3,5
2963,1,3
2963,2,3
2963,3,3
3602,1,4
3602,2,1
3602,3,3
2530,1,2
2530,2,2
2530,3,3
1711,1,4
1711,2,1
1711,3,3
2663,1,3
2663,2,3
2663,3,4
4723,1,1
4723,2,4
4723,3,1
4495,1,5
4495,2,1
4495,3,4
4392,1,2
4392,2,4
4392,3,3
4682,1,2
4682,2,5
4682,3,3
2795,1,2
2795,2,1
2795,3,5
2945,1,4
2945,2,1
2945,3,4
4953,1,2
4953,2,2
4953,3,2
3243,1,1
3243,2,3
3243,3,4
1489,1,3
1489,2,5
1489,3,5
4728,1,3
4728,2,4
4728,3,2
3014,1,2
3014,2,1
3014,3,2
3189,1,5
3189,2,3
3189,3,3
1470,1,3
1470,2,3
1470,3,2
2202,1,1
2202,2,5
2202,3,2
29,1,5
29,2,1
29,3,2
576,1,3
576,2,3
576,3,3
3441,1,5
3441,2,1
3441,3,3
3804,1,3
3804,2,5
3804,3,2
1017,1,5
1017,2,3
1017,3,3
2896,1,5
2896,2,5
2896,3,3
4776,1,5
4776,2,3
4776,3,3
887,1,1
887,2,2
887,3,2
2106,1,4
2106,2,2
2106,3,1
4095,1,3
4095,2,3
4095,3,3
960,1,2
960,2,2
960,3,2
2198,1,5
2198,2,3
2198,3,5
2376,1,1
2376,2,4
2376,3,5
1519,1,2
1519,2,5
1519,3,5
430,1,1
430,2,3
430,3,2
4037,1,3
4037,2,3
4037,3,4
814,1,5
814,2,3
814,3,4
328,1,5
328,2,5
328,3,1
3675,1,1
3675,2,2
3675,3,3
206,1,2
206,2,2
206,3,3
2290,1,5
2290,2,4
2290,3,1
1262,1,2
1262,2,1
1262,3,3
982,1,1
982,2,5
982,3,1
1576,1,4
1576,2,1
1576,3,5
4602,1,3
4602,2,4
4602,3,2
378,1,2
378,2,2
378,3,1
2572,1,4
2572,2,5
2572,3,1
1990,1,4
1990,2,4
1990,3,3
2862,1,3
2862,2,3
2862,3,5
2049,1,1
2049,2,2
2049,3,4
806,1,2
806,2,2
806,3,5
1827,1,1
1827,2,1
1827,3,1
4381,1,4
4381,2,2
4381,3,1
4151,1,3
4151,2,1
4151,3,3
1833,1,4
1833,2,1
1833,3,1
1968,1,1
1968,2,1
1968,3,4
4934,1,1
4934,2,4
4934,3,3
4295,1,2
4295,2,2
4295,3,4
1402,1,5
1402,2,4
1402,3,5
2893,1,2
2893,2,3
2893,3,4
4044,1,1
4044,2,1
4044,3,1
2623,1,2
2623,2,3
2623,3,4
3564,1,1
3564,2,5
3564,3,3
4421,1,3
4421,2,2
4421,3,3
1596,1,2
1596,2,4
1596,3,5
1835,1,3
1835,2,1
1835,3,5
3875,1,1
3875,2,5
3875,3,3
3393,1,4
3393,2,2
3393,3,3
2377,1,3
2377,2,2
2377,3,3
83,1,3
83,2,2
83,3,2
104,1,5
104,2,5
104,3,1
3736,1,2
3736,2,1
3736,3,5
2489,1,3
2489,2,2
2489,3,4
4422,1,2
4422,2,3
4422,3,2
1375,1,3
1375,2,2
1375,3,5
106,1,3
106,2,4
106,3,2
4703,1,3
4703,2,5
4703,3,5
1955,1,2
1955,2,5
1955,3,1
4021,1,3
4021,2,1
4021,3,1
721,1,5
721,2,3
721,3,2
4373,1,3
4373,2,2
4373,3,3
1485,1,5
1485,2,2
1485,3,3
1890,1,3
1890,2,1
1890,3,4
4941,1,1
4941,2,1
4941,3,1
3809,1,1
3809,2,5
3809,3,4
1594,1,2
1594,2,3
1594,3,4
3566,1,3
3566,2,4
3566,3,4
2153,1,1
2153,2,5
2153,3,3
1655,1,1
1655,2,5
1655,3,5
1785,1,3
1785,2,4
1785,3,1
2559,1,4
2559,2,1
2559,3,2
4189,1,4
4189,2,5
4189,3,3
3012,1,3
3012,2,5
3012,3,2
3183,1,4
3183,2,3
3183,3,1
3,1,2
3,2,3
3,3,3
3555,1,2
3555,2,5
3555,3,2
3884,1,1
3884,2,3
3884,3,1
4071,1,1
4071,2,2
4071,3,4
3561,1,4
3561,2,3
3561,3,5
530,1,2
530,2,2
530,3,4
2014,1,2
2014,2,2
2014,3,5
1143,1,5
1143,2,4
1143,3,1
1453,1,2
1453,2,5
1453,3,4
1372,1,3
1372,2,3
1372,3,4
2485,1,2
2485,2,3
2485,3,5
1320,1,2
1320,2,3
1320,3,3
1760,1,5
1760,2,2
1760,3,5
1371,1,5
1371,2,5
1371,3,4
3059,1,4
3059,2,3
3059,3,5
1660,1,4
1660,2,2
1660,3,3
3529,1,1
3529,2,2
3529,3,1
1840,1,5
1840,2,5
1840,3,1
3548,1,3
3548,2,4
3548,3,3
1039,1,2
1039,2,3
1039,3,2
833,1,4
833,2,2
833,3,4
2060,1,3
2060,2,2
2060,3,2
3699,1,1
3699,2,2
3699,3,5
2282,1,1
2282,2,3
2282,3,2
294,1,5
294,2,5
294,3,4
3397,1,5
3397,2,2
3397,3,3
1447,1,5
1447,2,4
1447,3,2
1689,1,2
1689,2,2
1689,3,1
4680,1,5
4680,2,1
4680,3,2
125,1,4
125,2,1
125,3,4
2033,1,3
2033,2,2
2033,3,4
3785,1,5
3785,2,3
3785,3,4
3275,1,1
3275,2,3
3275,3,5
4066,1,2
4066,2,5
4066,3,5
1646,1,4
1646,2,1
1646,3,4
2362,1,1
2362,2,5
2362,3,1
1857,1,1
1857,2,3
1857,3,4
2940,1,1
2940,2,5
2940,3,5
1471,1,2
1471,2,4
1471,3,1
3585,1,3
3585,2,3
3585,3,1
4589,1,3
4589,2,3
4589,3,2
2486,1,4
2486,2,4
2486,3,4
2032,1,4
2032,2,5
2032,3,4
4895,1,1
4895,2,2
4895,3,5
2707,1,2
2707,2,1
2707,3,4
3829,1,4
3829,2,3
3829,3,1
4258,1,3
4258,2,3
4258,3,1
4445,1,3
4445,2,3
4445,3,1
2117,1,2
2117,2,2
2117,3,3
490,1,2
490,2,5
490,3,3
1206,1,1
1206,2,1
1206,3,4
1239,1,5
1239,2,3
1239,3,4
2238,1,3
2238,2,4
2238,3,4
674,1,1
674,2,5
674,3,1
2714,1,1
2714,2,2
2714,3,2
3537,1,4
3537,2,3
3537,3,2
4440,1,3
4440,2,4
4440,3,1
570,1,4
570,2,4
570,3,3
1823,1,5
1823,2,1
1823,3,1
4069,1,5
4069,2,5
4069,3,3
3796,1,1
3796,2,4
3796,3,3
980,1,2
980,2,3
980,3,2
4836,1,2
4836,2,1
4836,3,2
1673,1,3
1673,2,3
1673,3,4
1591,1,4
1591,2,1
1591,3,5
145,1,1
145,2,4
145,3,4
997,1,2
997,2,4
997,3,3
2075,1,1
2075,2,1
2075,3,1
3986,1,5
3986,2,3
3986,3,4
3955,1,1
3955,2,1
3955,3,4
1923,1,3
1923,2,5
1923,3,5
375,1,1
375,2,4
375,3,1
2439,1,3
2439,2,2
2439,3,4
1343,1,4
1343,2,5
1343,3,5
652,1,5
652,2,1
652,3,2
2059,1,4
2059,2,4
2059,3,5
387,1,4
387,2,2
387,3,5
4562,1,2
4562,2,1
4562,3,3
2444,1,1
2444,2,1
2444,3,4
4678,1,5
4678,2,4
4678,3,1
4370,1,3
4370,2,5
4370,3,5
3979,1,5
3979,2,5
3979,3,5
4730,1,3
4730,2,5
4730,3,3
3233,1,5
3233,2,4
3233,3,4
1693,1,2
1693,2,5
1693,3,2
1944,1,5
1944,2,1
1944,3,4
2624,1,5
2624,2,3
2624,3,1
1905,1,2
1905,2,2
1905,3,5
1714,1,5
1714,2,2
1714,3,2
4161,1,1
4161,2,3
4161,3,4
3017,1,1
3017,2,1
3017,3,4
2022,1,1
2022,2,5
2022,3,3
3707,1,1
3707,2,3
3707,3,3
4342,1,3
4342,2,5
4342,3,4
3116,1,2
3116,2,4
3116,3,5
745,1,4
745,2,5
745,3,3
1042,1,5
1042,2,1
1042,3,3
1155,1,4
1155,2,1
1155,3,3
2881,1,1
2881,2,4
2881,3,2
1156,1,1
1156,2,3
1156,3,3
2001,1,5
2001,2,4
2001,3,1
1980,1,4
1980,2,3
1980,3,5
2161,1,2
2161,2,1
2161,3,5
4914,1,1
4914,2,3
4914,3,1
3658,1,2
3658,2,5
3658,3,4
3276,1,5
3276,2,3
3276,3,4
535,1,4
535,2,3
535,3,2
2094,1,2
2094,2,1
2094,3,5
2899,1,4
2899,2,3
2899,3,4
3997,1,5
3997,2,3
3997,3,5
3583,1,4
3583,2,4
3583,3,4
4879,1,5
4879,2,5
4879,3,5
2898,1,2
2898,2,1
2898,3,5
1586,1,4
1586,2,3
1586,3,3
4065,1,2
4065,2,5
4065,3,5
2967,1,3
2967,2,1
2967,3,3
1959,1,4
1959,2,5
1959,3,3
3117,1,4
3117,2,5
3117,3,4
1630,1,2
1630,2,2
1630,3,4
2317,1,3
2317,2,5
2317,3,2
2959,1,3
2959,2,2
2959,3,1
1027,1,2
1027,2,4
1027,3,2
1437,1,4
1437,2,3
1437,3,1
1654,1,4
1654,2,5
1654,3,4
474,1,3
474,2,3
474,3,3
315,1,2
315,2,5
315,3,3
503,1,3
503,2,4
503,3,1
3847,1,5
3847,2,1
3847,3,5
811,1,4
811,2,5
811,3,3
1170,1,2
1170,2,2
1170,3,2
1726,1,3
1726,2,2
1726,3,5
3367,1,4
3367,2,1
3367,3,5
558,1,1
558,2,1
558,3,2
3446,1,2
3446,2,4
3446,3,1
2241,1,4
2241,2,1
2241,3,5
108,1,4
108,2,3
108,3,4
3005,1,2
3005,2,3
3005,3,1
3256,1,2
3256,2,5
3256,3,2
3182,1,4
3182,2,4
3182,3,4
4993,1,4
4993,2,3
4993,3,5
1010,1,4
1010,2,4
1010,3,2
2288,1,5
2288,2,5
2288,3,2
971,1,4
971,2,1
971,3,1
3859,1,5
3859,2,3
3859,3,2
1742,1,3
1742,2,2
1742,3,5
3270,1,4
3270,2,3
3270,3,5
3923,1,2
3923,2,1
3923,3,5
755,1,2
755,2,4
755,3,1
141,1,5
141,2,3
141,3,4
110,1,2
110,2,5
110,3,4
1366,1,1
1366,2,2
1366,3,4
1491,1,1
1491,2,1
1491,3,4
4473,1,2
4473,2,5
4473,3,3
501,1,4
501,2,2
501,3,3
403,1,4
403,2,4
403,3,5
3390,1,1
3390,2,5
3390,3,2
3144,1,5
3144,2,3
3144,3,4
1341,1,1
1341,2,3
1341,3,3
1825,1,3
1825,2,3
1825,3,3
726,1,3
726,2,4
726,3,4
1141,1,5
1141,2,2
1141,3,5
654,1,3
654,2,3
654,3,1
4337,1,3
4337,2,2
4337,3,1
817,1,2
817,2,4
817,3,3
3546,1,4
3546,2,4
3546,3,4
3876,1,3
3876,2,2
3876,3,2
4004,1,3
4004,2,2
4004,3,5
4544,1,1
4544,2,1
4544,3,1
4509,1,5
4509,2,2
4509,3,3
4484,1,2
4484,2,3
4484,3,1
264,1,5
264,2,2
264,3,3
4543,1,3
4543,2,1
4543,3,4
1486,1,1
1486,2,4
1486,3,3
1475,1,4
1475,2,1
1475,3,1
283,1,5
283,2,5
283,3,2
3794,1,4
3794,2,2
3794,3,1
3096,1,3
3096,2,5
3096,3,4
2647,1,4
2647,2,5
2647,3,4
255,1,5
255,2,2
255,3,4
1751,1,1
1751,2,4
1751,3,1
3640,1,1
3640,2,4
3640,3,4
812,1,1
812,2,1
812,3,1
2116,1,2
2116,2,2
2116,3,3
1289,1,3
1289,2,4
1289,3,4
2596,1,5
2596,2,5
2596,3,3
837,1,4
837,2,3
837,3,5
4311,1,4
4311,2,5
4311,3,4
4198,1,5
4198,2,3
4198,3,2
1922,1,3
1922,2,2
1922,3,1
2928,1,5
2928,2,3
2928,3,3
1198,1,2
1198,2,1
1198,3,3
1852,1,5
1852,2,5
1852,3,1
4555,1,3
4555,2,2
4555,3,1
3924,1,4
3924,2,5
3924,3,5
4858,1,5
4858,2,4
4858,3,2
4458,1,5
4458,2,1
4458,3,1
56,1,5
56,2,5
56,3,5
4617,1,2
4617,2,3
4617,3,1
1070,1,5
1070,2,5
1070,3,5
538,1,3
538,2,4
538,3,2
346,1,4
346,2,1
346,3,1
178,1,5
178,2,5
178,3,5
327,1,3
327,2,4
327,3,3
1282,1,2
1282,2,2
1282,3,2
444,1,2
444,2,1
444,3,4
3459,1,5
3459,2,2
3459,3,2
821,1,3
821,2,1
821,3,5
3190,1,2
3190,2,5
3190,3,4
2582,1,4
2582,2,2
2582,3,3
220,1,1
220,2,5
220,3,4
282,1,5
282,2,1
282,3,4
2809,1,3
2809,2,5
2809,3,3
3536,1,5
3536,2,5
3536,3,1
1982,1,3
1982,2,3
1982,3,2
4655,1,2
4655,2,2
4655,3,3
3148,1,3
3148,2,1
3148,3,5
2976,1,5
2976,2,2
2976,3,2
1264,1,5
1264,2,5
1264,3,3
1072,1,4
1072,2,2
1072,3,4
2673,1,4
2673,2,2
2673,3,3
4319,1,4
4319,2,1
4319,3,2
3089,1,5
3089,2,3
3089,3,4
2112,1,3
2112,2,4
2112,3,1
1578,1,1
1578,2,3
1578,3,1
4299,1,4
4299,2,2
4299,3,3
4634,1,1
4634,2,1
4634,3,4
1545,1,1
1545,2,5
1545,3,4
4333,1,5
4333,2,1
4333,3,5
4746,1,2
4746,2,2
4746,3,1
1216,1,3
1216,2,2
1216,3,1
2911,1,1
2911,2,3
2911,3,1
3321,1,1
3321,2,4
3321,3,3
3512,1,4
3512,2,2
3512,3,4
4125,1,5
4125,2,5
4125,3,2
2914,1,5
2914,2,4
2914,3,1
3032,1,3
3032,2,5
3032,3,2
1850,1,5
1850,2,2
1850,3,5
173,1,3
173,2,4
173,3,3
2051,1,3
2051,2,3
2051,3,3
551,1,3
551,2,2
551,3,5
4356,1,3
4356,2,5
4356,3,5
1169,1,3
1169,2,4
1169,3,2
1975,1,1
1975,2,2
1975,3,4
2197,1,5
2197,2,4
2197,3,3
23,1,5
23,2,3
23,3,5
1659,1,4
1659,2,1
1659,3,2
2120,1,4
2120,2,1
2120,3,2
434,1,5
434,2,1
434,3,1
1669,1,5
1669,2,5
1669,3,3
2507,1,4
2507,2,1
2507,3,5
1951,1,3
1951,2,1
1951,3,2
3179,1,5
3179,2,2
3179,3,3
791,1,1
791,2,5
791,3,2
1690,1,5
1690,2,2
1690,3,1
2039,1,5
2039,2,3
2039,3,3
4428,1,3
4428,2,2
4428,3,2
2710,1,4
2710,2,2
2710,3,3
875,1,2
875,2,4
875,3,4
3993,1,5
3993,2,1
3993,3,5
3711,1,2
3711,2,1
3711,3,1
3791,1,3
3791,2,3
3791,3,5
3943,1,5
3943,2,2
3943,3,5
4898,1,1
4898,2,3
4898,3,2
1828,1,2
1828,2,3
1828,3,5
3086,1,1
3086,2,5
3086,3,4
583,1,3
583,2,5
583,3,5
1316,1,4
1316,2,5
1316,3,3
1024,1,4
1024,2,3
1024,3,1
3889,1,3
3889,2,5
3889,3,5
4041,1,4
4041,2,2
4041,3,1
1067,1,4
1067,2,4
1067,3,5
4491,1,1
4491,2,2
4491,3,2
1600,1,2
1600,2,3
1600,3,2
4985,1,5
4985,2,5
4985,3,4
1671,1,4
1671,2,4
1671,3,2
544,1,4
544,2,5
544,3,4
2511,1,1
2511,2,4
2511,3,3
4094,1,2
4094,2,4
4094,3,4
4533,1,2
4533,2,2
4533,3,2
4964,1,1
4964,2,3
4964,3,3
1876,1,2
1876,2,1
1876,3,5
1620,1,2
1620,2,2
1620,3,1
1422,1,1
1422,2,5
1422,3,5
2223,1,2
2223,2,5
2223,3,3
4528,1,3
4528,2,3
4528,3,3
2,1,2
2,2,5
2,3,5
2027,1,4
2027,2,3
2027,3,3
2408,1,2
2408,2,5
2408,3,2
2414,1,3
2414,2,4
2414,3,4
3758,1,5
3758,2,3
3758,3,2
1550,1,4
1550,2,2
1550,3,5
1229,1,4
1229,2,3
1229,3,3
4651,1,4
4651,2,3
4651,3,2
962,1,1
962,2,3
962,3,2
1321,1,3
1321,2,2
1321,3,3
3378,1,1
3378,2,1
3378,3,5
4401,1,5
4401,2,2
4401,3,1
3913,1,3
3913,2,4
3913,3,4
4363,1,2
4363,2,1
4363,3,4
3162,1,3
3162,2,5
3162,3,5
4027,1,1
4027,2,5
4027,3,1
3413,1,1
3413,2,2
3413,3,2
3603,1,2
3603,2,3
3603,3,2
4791,1,2
4791,2,3
4791,3,2
555,1,2
555,2,4
555,3,4
456,1,1
456,2,5
456,3,2
4126,1,3
4126,2,2
4126,3,5
3024,1,3
3024,2,4
3024,3,2
4553,1,4
4553,2,1
4553,3,1
3783,1,5
3783,2,5
3783,3,5
3605,1,2
3605,2,4
3605,3,1
2477,1,2
2477,2,5
2477,3,2
624,1,3
624,2,4
624,3,5
4224,1,2
4224,2,1
4224,3,3
4389,1,1
4389,2,5
4389,3,5
4425,1,1
4425,2,5
4425,3,3
2209,1,2
2209,2,3
2209,3,5
779,1,5
779,2,2
779,3,5
2765,1,3
2765,2,2
2765,3,4
2971,1,1
2971,2,1
2971,3,2
1795,1,4
1795,2,4
1795,3,2
4193,1,2
4193,2,1
4193,3,2
2325,1,3
2325,2,1
2325,3,1
361,1,1
361,2,1
361,3,1
3450,1,5
3450,2,5
3450,3,1
1603,1,3
1603,2,2
1603,3,5
236,1,4
236,2,5
236,3,5
3687,1,5
3687,2,1
3687,3,1
4595,1,5
4595,2,1
4595,3,1
2458,1,4
2458,2,4
2458,3,3
1558,1,5
1558,2,5
1558,3,5
4917,1,2
4917,2,4
4917,3,3
2312,1,3
2312,2,5
2312,3,4
3240,1,4
3240,2,3
3240,3,4
4407,1,5
4407,2,1
4407,3,2
1317,1,4
1317,2,5
1317,3,3
846,1,4
846,2,3
846,3,4
3423,1,4
3423,2,2
3423,3,3
3229,1,1
3229,2,1
3229,3,5
3088,1,3
3088,2,5
3088,3,1
1026,1,1
1026,2,3
1026,3,1
3383,1,4
3383,2,5
3383,3,5
4358,1,5
4358,2,2
4358,3,4
4538,1,2
4538,2,5
4538,3,5
4145,1,3
4145,2,4
4145,3,4
699,1,2
699,2,3
699,3,3
2088,1,3
2088,2,2
2088,3,5
1802,1,5
1802,2,4
1802,3,3
4629,1,3
4629,2,4
4629,3,5
334,1,5
334,2,4
334,3,1
1935,1,2
1935,2,1
1935,3,4
4119,1,4
4119,2,2
4119,3,2
2111,1,4
2111,2,1
2111,3,1
1233,1,5
1233,2,3
1233,3,5
1410,1,3
1410,2,4
1410,3,2
3799,1,1
3799,2,1
3799,3,5
4984,1,1
4984,2,4
4984,3,2
3935,1,1
3935,2,1
3935,3,2
998,1,2
998,2,1
998,3,3
3852,1,1
3852,2,3
3852,3,4
1416,1,1
1416,2,1
1416,3,4
3646,1,4
3646,2,5
3646,3,2
682,1,5
682,2,2
682,3,1
3475,1,5
3475,2,3
3475,3,1
2743,1,2
2743,2,2
2743,3,5
1962,1,5
1962,2,5
1962,3,5
4962,1,1
4962,2,4
4962,3,1
723,1,2
723,2,3
723,3,3
1546,1,1
1546,2,2
1546,3,2
1636,1,1
1636,2,3
1636,3,3
1185,1,4
1185,2,5
1185,3,5
4277,1,2
4277,2,2
4277,3,2
4751,1,3
4751,2,5
4751,3,1
2279,1,1
2279,2,1
2279,3,4
3074,1,4
3074,2,4
3074,3,1
3890,1,3
3890,2,3
3890,3,2
798,1,2
798,2,2
798,3,5
1403,1,1
1403,2,3
1403,3,2
2686,1,5
2686,2,5
2686,3,4
4367,1,5
4367,2,2
4367,3,3
2303,1,3
2303,2,4
2303,3,3
4829,1,1
4829,2,1
4829,3,4
4329,1,5
4329,2,4
4329,3,3
1088,1,2
1088,2,2
1088,3,3
4551,1,2
4551,2,3
4551,3,4
4880,1,2
4880,2,2
4880,3,3
2508,1,3
2508,2,1
2508,3,5
3721,1,3
3721,2,1
3721,3,3
1528,1,2
1528,2,5
1528,3,3
4460,1,2
4460,2,5
4460,3,5
3937,1,1
3937,2,3
3937,3,4
3731,1,4
3731,2,2
3731,3,3
1605,1,5
1605,2,5
1605,3,2
1762,1,4
1762,2,3
1762,3,5
3816,1,5
3816,2,5
3816,3,2
2244,1,3
2244,2,3
2244,3,3
1797,1,2
1797,2,5
1797,3,3
1257,1,1
1257,2,4
1257,3,5
1816,1,2
1816,2,1
1816,3,3
3049,1,1
3049,2,5
3049,3,4
725,1,3
725,2,1
725,3,3
1230,1,5
1230,2,4
1230,3,4
3366,1,2
3366,2,5
3366,3,5
365,1,3
365,2,4
365,3,5
4592,1,2
4592,2,5
4592,3,5
11,1,1
11,2,1
11,3,4
3673,1,2
3673,2,5
3673,3,5
88,1,1
88,2,5
88,3,2
2012,1,1
2012,2,3
2012,3,1
3789,1,5
3789,2,2
3789,3,2
386,1,4
386,2,3
386,3,3
3193,1,1
3193,2,1
3193,3,1
4995,1,3
4995,2,2
4995,3,3
4331,1,2
4331,2,3
4331,3,1
253,1,1
253,2,2
253,3,1
2351,1,2
2351,2,2
2351,3,4
2933,1,3
2933,2,1
2933,3,1
2294,1,3
2294,2,2
2294,3,3
4006,1,3
4006,2,3
4006,3,1
3946,1,4
3946,2,3
3946,3,2
2958,1,1
2958,2,1
2958,3,3
3560,1,1
3560,2,4
3560,3,1
718,1,2
718,2,1
718,3,5
4471,1,2
4471,2,3
4471,3,5
2548,1,5
2548,2,3
2548,3,4
3570,1,3
3570,2,5
3570,3,1
81,1,5
81,2,2
81,3,4
2672,1,5
2672,2,4
2672,3,1
545,1,5
545,2,3
545,3,1
4288,1,3
4288,2,4
4288,3,3
3689,1,3
3689,2,3
3689,3,4
3730,1,3
3730,2,5
3730,3,3
17,1,5
17,2,5
17,3,3
186,1,4
186,2,3
186,3,2
3980,1,3
3980,2,1
3980,3,4
36,1,5
36,2,4
36,3,3
861,1,1
861,2,2
861,3,1
3821,1,1
3821,2,5
3821,3,4
4147,1,2
4147,2,2
4147,3,5
2534,1,3
2534,2,5
2534,3,5
3989,1,4
3989,2,3
3989,3,3
398,1,2
398,2,2
398,3,3
561,1,2
561,2,5
561,3,1
3363,1,5
3363,2,4
3363,3,5
1897,1,3
1897,2,5
1897,3,5
792,1,1
792,2,2
792,3,4
4559,1,3
4559,2,2
4559,3,4
4805,1,5
4805,2,3
4805,3,1
1527,1,3
1527,2,5
1527,3,1
4236,1,2
4236,2,3
4236,3,4
3959,1,4
3959,2,5
3959,3,5
3698,1,4
3698,2,5
3698,3,4
4441,1,2
4441,2,5
4441,3,3
2676,1,2
2676,2,4
2676,3,5
4446,1,4
4446,2,4
4446,3,2
424,1,3
424,2,5
424,3,4
4204,1,2
4204,2,5
4204,3,3
1684,1,3
1684,2,1
1684,3,2
1754,1,1
1754,2,2
1754,3,4
3365,1,1
3365,2,1
3365,3,5
4845,1,2
4845,2,1
4845,3,2
3840,1,5
3840,2,4
3840,3,4
3531,1,3
3531,2,4
3531,3,2
2013,1,5
2013,2,4
2013,3,3
4280,1,4
4280,2,4
4280,3,2
1369,1,3
1369,2,5
1369,3,3
4008,1,1
4008,2,3
4008,3,2
1739,1,2
1739,2,4
1739,3,4
4240,1,3
4240,2,2
4240,3,4
1146,1,2
1146,2,3
1146,3,4
4296,1,5
4296,2,2
4296,3,5
82,1,3
82,2,3
82,3,5
2948,1,2
2948,2,3
2948,3,4
4803,1,3
4803,2,1
4803,3,3
3419,1,3
3419,2,5
3419,3,4
69,1,2
69,2,5
69,3,4
3805,1,2
3805,2,2
3805,3,1
1474,1,1
1474,2,3
1474,3,1
4409,1,1
4409,2,5
4409,3,5
2578,1,1
2578,2,4
2578,3,1
3584,1,2
3584,2,1
3584,3,1
1780,1,2
1780,2,3
1780,3,4
90,1,2
90,2,4
90,3,3
2687,1,4
2687,2,3
2687,3,2
2371,1,1
2371,2,3
2371,3,5
3026,1,3
3026,2,1
3026,3,2
2392,1,2
2392,2,4
2392,3,5
2908,1,3
2908,2,3
2908,3,1
496,1,3
496,2,2
496,3,4
3831,1,4
3831,2,2
3831,3,4
4793,1,4
4793,2,1
4793,3,1
1921,1,3
1921,2,2
1921,3,2
2428,1,1
2428,2,5
2428,3,2
592,1,4
592,2,4
592,3,3
3278,1,4
3278,2,5
3278,3,2
491,1,5
491,2,4
491,3,4
4598,1,1
4598,2,5
4598,3,1
3774,1,1
3774,2,4
3774,3,2
4656,1,3
4656,2,4
4656,3,2
1837,1,3
1837,2,2
1837,3,2
46,1,5
46,2,5
46,3,3
2121,1,1
2121,2,1
2121,3,1
1511,1,4
1511,2,4
1511,3,1
251,1,4
251,2,5
251,3,1
4844,1,5
4844,2,4
4844,3,5
4424,1,2
4424,2,5
4424,3,3
4384,1,1
4384,2,2
4384,3,3
3601,1,4
3601,2,1
3601,3,4
135,1,3
135,2,5
135,3,4
4811,1,5
4811,2,5
4811,3,3
449,1,2
449,2,3
449,3,2
3664,1,3
3664,2,3
3664,3,4
556,1,1
556,2,3
556,3,2
2069,1,2
2069,2,3
2069,3,5
1936,1,4
1936,2,4
1936,3,3
1725,1,2
1725,2,1
1725,3,3
4341,1,1
4341,2,5
4341,3,4
956,1,2
956,2,3
956,3,5
3624,1,3
3624,2,4
3624,3,4
48,1,5
48,2,3
48,3,5
707,1,2
707,2,1
707,3,1
4611,1,3
4611,2,4
4611,3,5
1563,1,4
1563,2,1
1563,3,2
935,1,3
935,2,2
935,3,4
3775,1,1
3775,2,1
3775,3,3
623,1,4
623,2,1
623,3,2
870,1,5
870,2,4
870,3,1
4339,1,5
4339,2,5
4339,3,3
2405,1,1
2405,2,3
2405,3,1
1703,1,2
1703,2,4
1703,3,3
3415,1,3
3415,2,3
3415,3,5
3765,1,5
3765,2,3
3765,3,5
1379,1,2
1379,2,4
1379,3,2
3418,1,3
3418,2,1
3418,3,1
4884,1,2
4884,2,3
4884,3,3
1950,1,3
1950,2,3
1950,3,5
4005,1,3
4005,2,2
4005,3,2
2731,1,2
2731,2,3
2731,3,5
3717,1,1
3717,2,4
3717,3,4
4207,1,1
4207,2,1
4207,3,5
4486,1,3
4486,2,4
4486,3,2
10,1,2
10,2,5
10,3,5
3533,1,1
3533,2,1
3533,3,4
2892,1,1
2892,2,4
2892,3,1
3760,1,3
3760,2,5
3760,3,2
1801,1,1
1801,2,5
1801,3,3
4736,1,2
4736,2,3
4736,3,3
2711,1,4
2711,2,4
2711,3,4
1175,1,5
1175,2,2
1175,3,3
1152,1,1
1152,2,3
1152,3,1
2175,1,5
2175,2,3
2175,3,5
2665,1,3
2665,2,1
2665,3,1
4304,1,5
4304,2,1
4304,3,5
1767,1,3
1767,2,4
1767,3,5
4795,1,4
4795,2,3
4795,3,5
3202,1,1
3202,2,4
3202,3,2
4514,1,3
4514,2,3
4514,3,3
2042,1,2
2042,2,1
2042,3,3
3558,1,5
3558,2,5
3558,3,4
1894,1,1
1894,2,2
1894,3,1
1413,1,4
1413,2,4
1413,3,5
1281,1,3
1281,2,5
1281,3,3
709,1,2
709,2,5
709,3,2
2669,1,5
2669,2,5
2669,3,3
4536,1,4
4536,2,4
4536,3,5
4541,1,3
4541,2,2
4541,3,1
2372,1,4
2372,2,3
2372,3,1
2580,1,3
2580,2,5
2580,3,3
3222,1,1
3222,2,4
3222,3,5
953,1,5
953,2,1
953,3,4
919,1,1
919,2,3
919,3,5
4430,1,2
4430,2,3
4430,3,2
2815,1,4
2815,2,2
2815,3,5
3938,1,5
3938,2,2
3938,3,5
4764,1,5
4764,2,2
4764,3,2
601,1,2
601,2,5
601,3,1
3452,1,5
3452,2,3
3452,3,3
3961,1,1
3961,2,3
3961,3,2
3485,1,1
3485,2,1
3485,3,3
3665,1,4
3665,2,5
3665,3,2
3987,1,1
3987,2,3
3987,3,3
2210,1,5
2210,2,2
2210,3,5
2758,1,4
2758,2,2
2758,3,4
2436,1,3
2436,2,1
2436,3,4
3168,1,3
3168,2,3
3168,3,1
4359,1,3
4359,2,1
4359,3,1
2490,1,2
2490,2,2
2490,3,4
4561,1,4
4561,2,5
4561,3,4
1883,1,1
1883,2,1
1883,3,3
4245,1,2
4245,2,1
4245,3,5
3722,1,1
3722,2,4
3722,3,4
1978,1,4
1978,2,1
1978,3,4
1851,1,2
1851,2,5
1851,3,5
3379,1,3
3379,2,1
3379,3,2
3801,1,2
3801,2,4
3801,3,1
3941,1,4
3941,2,4
3941,3,1
2545,1,1
2545,2,3
2545,3,5
3470,1,3
3470,2,2
3470,3,3
4511,1,2
4511,2,5
4511,3,3
3426,1,2
3426,2,4
3426,3,2
777,1,1
777,2,4
777,3,1
815,1,4
815,2,1
815,3,5
1846,1,4
1846,2,4
1846,3,1
3309,1,4
3309,2,4
3309,3,4
4257,1,4
4257,2,5
4257,3,2
4322,1,3
4322,2,5
4322,3,3
1996,1,4
1996,2,4
1996,3,3
2843,1,2
2843,2,4
2843,3,2
1906,1,3
1906,2,1
1906,3,3
394,1,5
394,2,4
394,3,4
1834,1,1
1834,2,1
1834,3,3
701,1,5
701,2,4
701,3,2
795,1,2
795,2,2
795,3,5
70,1,2
70,2,2
70,3,3
307,1,4
307,2,2
307,3,4
4221,1,5
4221,2,1
4221,3,5
1057,1,2
1057,2,1
1057,3,1
750,1,4
750,2,4
750,3,5
2798,1,4
2798,2,5
2798,3,2
406,1,2
406,2,3
406,3,4
2965,1,5
2965,2,5
2965,3,5
395,1,1
395,2,1
395,3,3
1507,1,1
1507,2,1
1507,3,3
564,1,5
564,2,1
564,3,5
4748,1,5
4748,2,4
4748,3,3
3594,1,1
3594,2,3
3594,3,5
797,1,1
797,2,1
797,3,3
2084,1,4
2084,2,2
2084,3,3
187,1,1
187,2,5
187,3,1
3908,1,2
3908,2,4
3908,3,5
2819,1,4
2819,2,1
2819,3,5
2518,1,2
2518,2,4
2518,3,1
3892,1,4
3892,2,3
3892,3,5
4733,1,3
4733,2,4
4733,3,5
4062,1,2
4062,2,5
4062,3,2
2435,1,3
2435,2,5
2435,3,2
1301,1,4
1301,2,1
1301,3,2
142,1,3
142,2,4
142,3,1
4762,1,3
4762,2,4
4762,3,5
1727,1,3
1727,2,4
1727,3,1
3313,1,1
3313,2,3
3313,3,5
4579,1,4
4579,2,2
4579,3,3
3962,1,5
3962,2,2
3962,3,4
4068,1,2
4068,2,2
4068,3,2
4276,1,2
4276,2,2
4276,3,3
2456,1,1
2456,2,4
2456,3,4
318,1,5
318,2,5
318,3,2
4704,1,2
4704,2,2
4704,3,4
1904,1,1
1904,2,2
1904,3,4
1708,1,5
1708,2,4
1708,3,4
834,1,3
834,2,3
834,3,5
1249,1,3
1249,2,2
1249,3,2
2954,1,2
2954,2,1
2954,3,1
51,1,1
51,2,2
51,3,3
180,1,4
180,2,4
180,3,4
1570,1,2
1570,2,1
1570,3,4
1981,1,5
1981,2,2
1981,3,3
3519,1,3
3519,2,5
3519,3,5
2341,1,1
2341,2,3
2341,3,1
4308,1,3
4308,2,1
4308,3,2
2171,1,5
2171,2,4
2171,3,1
512,1,5
512,2,5
512,3,2
1887,1,2
1887,2,2
1887,3,5
3637,1,2
3637,2,3
3637,3,5
3200,1,5
3200,2,5
3200,3,2
2247,1,4
2247,2,2
2247,3,1
4175,1,4
4175,2,1
4175,3,5
936,1,1
936,2,3
936,3,3
1877,1,1
1877,2,5
1877,3,1
3066,1,4
3066,2,3
3066,3,3
3318,1,4
3318,2,1
3318,3,1
2142,1,4
2142,2,2
2142,3,1
1293,1,4
1293,2,1
1293,3,1
189,1,5
189,2,5
189,3,1
4586,1,1
4586,2,4
4586,3,5
3070,1,3
3070,2,4
3070,3,1
1208,1,1
1208,2,1
1208,3,4
1451,1,4
1451,2,5
1451,3,3
1325,1,5
1325,2,5
1325,3,5
906,1,3
906,2,2
906,3,3
1674,1,5
1674,2,4
1674,3,4
3910,1,2
3910,2,1
3910,3,5
3172,1,1
3172,2,2
3172,3,3
1538,1,4
1538,2,5
1538,3,4
1647,1,1
1647,2,4
1647,3,3
981,1,1
981,2,4
981,3,1
4081,1,4
4081,2,5
4081,3,1
190,1,1
190,2,5
190,3,4
2270,1,4
2270,2,3
2270,3,4
3342,1,2
3342,2,5
3342,3,4
2560,1,4
2560,2,2
2560,3,5
2147,1,3
2147,2,3
2147,3,5
2334,1,1
2334,2,2
2334,3,1
262,1,3
262,2,5
262,3,5
2438,1,1
2438,2,1
2438,3,5
2090,1,3
2090,2,2
2090,3,2
2132,1,5
2132,2,1
2132,3,2
2781,1,3
2781,2,4
2781,3,3
1204,1,4
1204,2,5
1204,3,2
227,1,3
227,2,5
227,3,1
3306,1,2
3306,2,1
3306,3,1
1732,1,2
1732,2,3
1732,3,4
276,1,2
276,2,5
276,3,3
2246,1,2
2246,2,3
2246,3,3
2939,1,5
2939,2,5
2939,3,1
2359,1,4
2359,2,4
2359,3,1
1297,1,2
1297,2,3
1297,3,2
1971,1,2
1971,2,5
1971,3,3
4325,1,2
4325,2,1
4325,3,5
1105,1,3
1105,2,3
1105,3,1
3188,1,4
3188,2,2
3188,3,1
4616,1,1
4616,2,5
4616,3,4
2397,1,2
2397,2,1
2397,3,4
2206,1,3
2206,2,4
2206,3,2
3083,1,4
3083,2,1
3083,3,1
3922,1,2
3922,2,1
3922,3,3
2261,1,5
2261,2,1
2261,3,5
2457,1,2
2457,2,4
2457,3,5
4394,1,3
4394,2,3
4394,3,2
333,1,5
333,2,3
333,3,1
4716,1,1
4716,2,1
4716,3,3
3972,1,2
3972,2,1
3972,3,3
1107,1,2
1107,2,2
1107,3,4
219,1,5
219,2,3
219,3,5
192,1,5
192,2,4
192,3,5
1915,1,3
1915,2,4
1915,3,5
3929,1,4
3929,2,3
3929,3,3
4206,1,3
4206,2,4
4206,3,3
2609,1,2
2609,2,2
2609,3,3
3325,1,5
3325,2,5
3325,3,1
4361,1,2
4361,2,5
4361,3,4
266,1,5
266,2,5
266,3,2
2904,1,4
2904,2,3
2904,3,2
2903,1,5
2903,2,1
2903,3,1
2569,1,3
2569,2,2
2569,3,1
3289,1,3
3289,2,2
3289,3,5
3573,1,1
3573,2,5
3573,3,2
134,1,3
134,2,4
134,3,2
4250,1,4
4250,2,5
4250,3,2
1166,1,1
1166,2,5
1166,3,4
2782,1,5
2782,2,4
2782,3,2
4916,1,4
4916,2,2
4916,3,2
713,1,1
713,2,1
713,3,2
909,1,1
909,2,2
909,3,4
1498,1,3
1498,2,5
1498,3,2
2571,1,3
2571,2,5
2571,3,5
3068,1,5
3068,2,4
3068,3,4
2302,1,1
2302,2,4
2302,3,1
3604,1,4
3604,2,5
3604,3,3
908,1,3
908,2,3
908,3,1
2256,1,3
2256,2,4
2256,3,4
1431,1,4
1431,2,1
1431,3,3
3371,1,2
3371,2,3
3371,3,2
1429,1,3
1429,2,4
1429,3,3
2978,1,1
2978,2,2
2978,3,3
4684,1,5
4684,2,2
4684,3,4
1924,1,1
1924,2,2
1924,3,5
2082,1,3
2082,2,3
2082,3,3
4050,1,2
4050,2,4
4050,3,5
1560,1,1
1560,2,3
1560,3,5
4691,1,2
4691,2,4
4691,3,3
2245,1,4
2245,2,2
2245,3,4
1622,1,1
1622,2,5
1622,3,3
3940,1,3
3940,2,3
3940,3,1
1688,1,1
1688,2,5
1688,3,2
4613,1,4
4613,2,5
4613,3,2
1228,1,1
1228,2,4
1228,3,2
1473,1,1
1473,2,4
1473,3,3
309,1,5
309,2,1
309,3,2
1800,1,1
1800,2,4
1800,3,5
4632,1,1
4632,2,5
4632,3,4
4117,1,1
4117,2,3
4117,3,4
722,1,3
722,2,4
722,3,2
1259,1,3
1259,2,2
1259,3,1
1312,1,1
1312,2,4
1312,3,1
1085,1,5
1085,2,3
1085,3,3
4350,1,5
4350,2,5
4350,3,2
1845,1,1
1845,2,3
1845,3,4
2002,1,5
2002,2,5
2002,3,5
2941,1,4
2941,2,4
2941,3,2
3663,1,5
3663,2,2
3663,3,5
4937,1,2
4937,2,1
4937,3,2
3064,1,3
3064,2,4
3064,3,5
1672,1,5
1672,2,1
1672,3,4
1022,1,2
1022,2,3
1022,3,5
1832,1,1
1832,2,1
1832,3,3
572,1,1
572,2,4
572,3,1
93,1,1
93,2,4
93,3,2
684,1,2
684,2,2
684,3,1
4638,1,5
4638,2,4
4638,3,3
1275,1,1
1275,2,2
1275,3,1
2829,1,1
2829,2,2
2829,3,3
2931,1,5
2931,2,5
2931,3,3
4819,1,2
4819,2,1
4819,3,3
2333,1,3
2333,2,1
2333,3,4
4843,1,4
4843,2,1
4843,3,2
1480,1,3
1480,2,5
1480,3,3
1389,1,5
1389,2,5
1389,3,5
233,1,1
233,2,5
233,3,1
3001,1,3
3001,2,5
3001,3,5
2045,1,3
2045,2,5
2045,3,3
2849,1,4
2849,2,2
2849,3,3
2004,1,2
2004,2,1
2004,3,1
13,1,5
13,2,4
13,3,1
122,1,5
122,2,2
122,3,2
4398,1,2
4398,2,1
4398,3,2
876,1,4
876,2,2
876,3,5
4305,1,5
4305,2,4
4305,3,3
3211,1,5
3211,2,5
3211,3,2
1354,1,3
1354,2,4
1354,3,4
3331,1,2
3331,2,2
3331,3,4
1631,1,1
1631,2,4
1631,3,5
2179,1,1
2179,2,5
2179,3,2
3703,1,4
3703,2,3
3703,3,5
748,1,3
748,2,5
748,3,5
542,1,1
542,2,5
542,3,2
2352,1,2
2352,2,3
2352,3,1
1769,1,5
1769,2,5
1769,3,2
3811,1,2
3811,2,4
3811,3,3
4929,1,1
4929,2,4
4929,3,2
1455,1,5
1455,2,3
1455,3,3
3695,1,2
3695,2,5
3695,3,5
4049,1,5
4049,2,4
4049,3,4
569,1,4
569,2,2
569,3,2
4093,1,5
4093,2,3
4093,3,3
4437,1,1
4437,2,1
4437,3,1
567,1,5
567,2,1
567,3,2
1730,1,1
1730,2,3
1730,3,4
4310,1,1
4310,2,4
4310,3,3
1678,1,5
1678,2,2
1678,3,3
2741,1,1
2741,2,3
2741,3,5
996,1,3
996,2,3
996,3,3
4282,1,3
4282,2,4
4282,3,3
2784,1,2
2784,2,1
2784,3,2
1575,1,1
1575,2,1
1575,3,2
2565,1,3
2565,2,4
2565,3,2
3305,1,3
3305,2,1
3305,3,4
773,1,1
773,2,3
773,3,5
4954,1,5
4954,2,2
4954,3,4
19,1,4
19,2,3
19,3,1
2754,1,2
2754,2,4
2754,3,3
4231,1,5
4231,2,3
4231,3,3
1147,1,5
1147,2,5
1147,3,4
484,1,1
484,2,3
484,3,5
591,1,5
591,2,4
591,3,1
2998,1,3
2998,2,2
2998,3,4
3498,1,4
3498,2,2
3498,3,5
2866,1,3
2866,2,1
2866,3,3
371,1,4
371,2,1
371,3,5
1050,1,4
1050,2,1
1050,3,5
3960,1,3
3960,2,3
3960,3,1
2373,1,2
2373,2,1
2373,3,2
3606,1,2
3606,2,2
3606,3,3
411,1,5
411,2,2
411,3,2
3967,1,4
3967,2,1
3967,3,5
271,1,2
271,2,4
271,3,3
2818,1,3
2818,2,4
2818,3,1
4233,1,2
4233,2,5
4233,3,1
96,1,4
96,2,5
96,3,2
775,1,4
775,2,3
775,3,1
4622,1,4
4622,2,4
4622,3,5
4223,1,5
4223,2,1
4223,3,1
59,1,5
59,2,1
59,3,5
2136,1,5
2136,2,2
2136,3,5
100,1,3
100,2,2
100,3,3
3071,1,4
3071,2,5
3071,3,5
888,1,1
888,2,4
888,3,4
753,1,5
753,2,4
753,3,4
4406,1,2
4406,2,1
4406,3,5
4396,1,5
4396,2,1
4396,3,3
4925,1,5
4925,2,1
4925,3,1
1610,1,5
1610,2,5
1610,3,1
4507,1,4
4507,2,5
4507,3,4
1376,1,5
1376,2,1
1376,3,4
1140,1,4
1140,2,1
1140,3,1
3380,1,4
3380,2,2
3380,3,2
934,1,5
934,2,3
934,3,2
3310,1,3
3310,2,2
3310,3,2
3978,1,1
3978,2,3
3978,3,2
2225,1,4
2225,2,1
2225,3,1
468,1,2
468,2,2
468,3,5
2335,1,1
2335,2,2
2335,3,1
175,1,3
175,2,2
175,3,3
1066,1,2
1066,2,5
1066,3,1
924,1,3
924,2,2
924,3,1
2557,1,3
2557,2,2
2557,3,1
1917,1,5
1917,2,1
1917,3,3
30,1,1
30,2,5
30,3,3
3534,1,1
3534,2,5
3534,3,4
641,1,3
641,2,1
641,3,5
4279,1,2
4279,2,5
4279,3,5
1189,1,2
1189,2,1
1189,3,5
1078,1,5
1078,2,1
1078,3,2
604,1,1
604,2,3
604,3,5
2841,1,5
2841,2,1
2841,3,2
2113,1,5
2113,2,5
2113,3,2
2349,1,5
2349,2,4
2349,3,5
384,1,4
384,2,5
384,3,5
736,1,1
736,2,3
736,3,2
209,1,5
209,2,1
209,3,5
1753,1,2
1753,2,2
1753,3,3
1683,1,5
1683,2,4
1683,3,5
2628,1,4
2628,2,3
2628,3,5
400,1,3
400,2,5
400,3,3
2566,1,5
2566,2,3
2566,3,5
277,1,4
277,2,2
277,3,4
483,1,1
483,2,5
483,3,1
1359,1,4
1359,2,3
1359,3,3
4133,1,5
4133,2,4
4133,3,3
3099,1,4
3099,2,5
3099,3,5
427,1,1
427,2,3
427,3,1
4919,1,2
4919,2,3
4919,3,5
1016,1,1
1016,2,3
1016,3,2
3708,1,2
3708,2,3
3708,3,4
3741,1,1
3741,2,4
3741,3,4
4085,1,3
4085,2,1
4085,3,2
302,1,3
302,2,4
302,3,3
505,1,1
505,2,4
505,3,4
3677,1,1
3677,2,3
3677,3,2
4255,1,1
4255,2,4
4255,3,2
4521,1,4
4521,2,4
4521,3,4
3191,1,4
3191,2,2
3191,3,4
4849,1,2
4849,2,3
4849,3,3
1064,1,1
1064,2,4
1064,3,1
3194,1,4
3194,2,2
3194,3,5
4086,1,2
4086,2,5
4086,3,2
1409,1,1
1409,2,1
1409,3,3
658,1,1
658,2,5
658,3,4
3768,1,1
3768,2,4
3768,3,4
763,1,4
763,2,1
763,3,2
2621,1,4
2621,2,3
2621,3,1
771,1,1
771,2,5
771,3,1
3207,1,2
3207,2,1
3207,3,3
4067,1,1
4067,2,2
4067,3,5
1549,1,5
1549,2,5
1549,3,4
4644,1,1
4644,2,3
4644,3,3
3479,1,5
3479,2,3
3479,3,5
540,1,5
540,2,4
540,3,4
1884,1,2
1884,2,2
1884,3,5
349,1,2
349,2,5
349,3,3
2418,1,4
2418,2,2
2418,3,2
4500,1,2
4500,2,1
4500,3,4
3710,1,1
3710,2,2
3710,3,5
1878,1,3
1878,2,4
1878,3,3
3045,1,2
3045,2,4
3045,3,3
340,1,1
340,2,4
340,3,3
4846,1,4
4846,2,4
4846,3,3
3543,1,4
3543,2,1
3543,3,4
2035,1,4
2035,2,2
2035,3,4
3246,1,4
3246,2,2
3246,3,4
1477,1,5
1477,2,5
1477,3,3
4503,1,2
4503,2,4
4503,3,2
1266,1,3
1266,2,5
1266,3,3
1637,1,5
1637,2,4
1637,3,3
2895,1,5
2895,2,1
2895,3,1
3550,1,3
3550,2,4
3550,3,3
4909,1,4
4909,2,1
4909,3,3
1159,1,4
1159,2,2
1159,3,4
1458,1,1
1458,2,5
1458,3,2
1555,1,3
1555,2,5
1555,3,4
4556,1,2
4556,2,2
4556,3,1
1829,1,2
1829,2,4
1829,3,5
3091,1,2
3091,2,2
3091,3,5
1505,1,3
1505,2,1
1505,3,4
4580,1,2
4580,2,5
4580,3,3
18,1,2
18,2,3
18,3,1
3860,1,1
3860,2,2
3860,3,3
3061,1,1
3061,2,1
3061,3,1
168,1,1
168,2,2
168,3,3
4246,1,3
4246,2,5
4246,3,5
4821,1,5
4821,2,2
4821,3,3
1041,1,1
1041,2,4
1041,3,5
2411,1,5
2411,2,5
2411,3,2
2719,1,1
2719,2,3
2719,3,4
2645,1,5
2645,2,2
2645,3,4
78,1,5
78,2,3
78,3,1
3905,1,3
3905,2,5
3905,3,3
4991,1,3
4991,2,2
4991,3,1
150,1,5
150,2,3
150,3,4
4385,1,4
4385,2,1
4385,3,1
2423,1,4
2423,2,2
2423,3,5
3996,1,2
3996,2,1
3996,3,5
4631,1,1
4631,2,4
4631,3,4
4482,1,3
4482,2,2
4482,3,3
872,1,4
872,2,4
872,3,5
2918,1,4
2918,2,2
2918,3,5
3126,1,4
3126,2,3
3126,3,1
1895,1,3
1895,2,1
1895,3,5
2642,1,3
2642,2,4
2642,3,2
2360,1,2
2360,2,4
2360,3,5
4366,1,5
4366,2,2
4366,3,1
801,1,5
801,2,3
801,3,1
4901,1,1
4901,2,1
4901,3,5
3431,1,1
3431,2,2
3431,3,4
4718,1,3
4718,2,5
4718,3,3
2114,1,4
2114,2,1
2114,3,5
2861,1,1
2861,2,5
2861,3,2
1271,1,2
1271,2,2
1271,3,4
54,1,5
54,2,2
54,3,5
2267,1,5
2267,2,4
2267,3,1
437,1,3
437,2,4
437,3,5
2522,1,4
2522,2,1
2522,3,1
357,1,2
357,2,5
357,3,4
1150,1,2
1150,2,5
1150,3,5
2391,1,4
2391,2,5
2391,3,4
4666,1,2
4666,2,5
4666,3,3
156,1,4
156,2,1
156,3,5
3780,1,2
3780,2,2
3780,3,2
1330,1,3
1330,2,1
1330,3,1
1960,1,3
1960,2,2
1960,3,3
610,1,5
610,2,5
610,3,2
1049,1,4
1049,2,3
1049,3,2
3901,1,1
3901,2,3
3901,3,4
3563,1,2
3563,2,2
3563,3,2
3690,1,2
3690,2,3
3690,3,1
3178,1,1
3178,2,2
3178,3,1
2108,1,1
2108,2,5
2108,3,3
3625,1,2
3625,2,4
3625,3,4
3914,1,3
3914,2,2
3914,3,5
489,1,4
489,2,5
489,3,4
1568,1,2
1568,2,5
1568,3,2
1274,1,5
1274,2,4
1274,3,3
4080,1,3
4080,2,4
4080,3,1
2792,1,2
2792,2,1
2792,3,2
2459,1,3
2459,2,4
2459,3,1
4566,1,1
4566,2,3
4566,3,1
4568,1,4
4568,2,1
4568,3,1
2924,1,3
2924,2,3
2924,3,2
485,1,5
485,2,5
485,3,1
2701,1,4
2701,2,5
2701,3,4
2752,1,3
2752,2,4
2752,3,3
3316,1,4
3316,2,5
3316,3,1
1651,1,4
1651,2,5
1651,3,3
2901,1,5
2901,2,5
2901,3,1
351,1,4
351,2,3
351,3,2
3387,1,3
3387,2,4
3387,3,1
2089,1,5
2089,2,1
2089,3,1
1534,1,5
1534,2,3
1534,3,2
439,1,5
439,2,1
439,3,2
965,1,5
965,2,5
965,3,1
1842,1,1
1842,2,2
1842,3,4
3808,1,4
3808,2,4
3808,3,4
137,1,2
137,2,4
137,3,2
1593,1,5
1593,2,2
1593,3,3
4927,1,4
4927,2,2
4927,3,4
161,1,2
161,2,1
161,3,2
2977,1,4
2977,2,5
2977,3,5
1,1,3
1,2,5
1,3,4
1300,1,1
1300,2,5
1300,3,2
1318,1,5
1318,2,2
1318,3,5
1118,1,2
1118,2,4
1118,3,2
1035,1,2
1035,2,3
1035,3,4
2516,1,4
2516,2,4
2516,3,2
41,1,1
41,2,2
41,3,1
4783,1,5
4783,2,2
4783,3,5
3817,1,4
3817,2,5
3817,3,4
4218,1,4
4218,2,5
4218,3,1
2742,1,5
2742,2,3
2742,3,2
3412,1,5
3412,2,3
3412,3,4
1809,1,3
1809,2,2
1809,3,3
3156,1,3
3156,2,1
3156,3,2
2555,1,2
2555,2,4
2555,3,2
166,1,2
166,2,1
166,3,4
111,1,5
111,2,2
111,3,4
3644,1,2
3644,2,3
3644,3,5
239,1,2
239,2,5
239,3,4
584,1,4
584,2,2
584,3,5
3453,1,2
3453,2,5
3453,3,5
891,1,4
891,2,1
891,3,4
828,1,3
828,2,5
828,3,2
499,1,2
499,2,5
499,3,5
869,1,2
869,2,1
869,3,4
4047,1,1
4047,2,2
4047,3,2
76,1,3
76,2,4
76,3,4
216,1,5
216,2,2
216,3,1
2079,1,1
2079,2,2
2079,3,5
1443,1,5
1443,2,4
1443,3,1
4594,1,3
4594,2,1
4594,3,1
2204,1,1
2204,2,5
2204,3,2
3619,1,3
3619,2,1
3619,3,4
4063,1,1
4063,2,1
4063,3,3
1308,1,2
1308,2,4
1308,3,1
3259,1,4
3259,2,3
3259,3,3
2101,1,4
2101,2,3
2101,3,2
221,1,2
221,2,5
221,3,5
1226,1,5
1226,2,4
1226,3,2
3360,1,2
3360,2,4
3360,3,2
3248,1,3
3248,2,1
3248,3,5
1948,1,4
1948,2,2
1948,3,1
4897,1,4
4897,2,4
4897,3,3
4618,1,1
4618,2,1
4618,3,4
619,1,4
619,2,5
619,3,2
2017,1,3
2017,2,3
2017,3,4
4371,1,4
4371,2,5
4371,3,2
1967,1,3
1967,2,1
1967,3,3
487,1,5
487,2,3
487,3,2
2272,1,2
2272,2,3
2272,3,4
4860,1,3
4860,2,3
4860,3,2
3853,1,5
3853,2,2
3853,3,2
4388,1,2
4388,2,5
4388,3,1
2564,1,1
2564,2,5
2564,3,4
3577,1,1
3577,2,2
3577,3,5
588,1,1
588,2,1
588,3,4
2224,1,3
2224,2,1
2224,3,4
2076,1,5
2076,2,2
2076,3,5
3016,1,5
3016,2,3
3016,3,5
1058,1,2
1058,2,5
1058,3,1
3806,1,1
3806,2,3
3806,3,2
4904,1,4
4904,2,4
4904,3,4
938,1,3
938,2,1
938,3,1
417,1,3
417,2,3
417,3,5
1193,1,3
1193,2,3
1193,3,2
2854,1,2
2854,2,2
2854,3,2
2695,1,1
2695,2,3
2695,3,3
4046,1,4
4046,2,5
4046,3,3
3158,1,3
3158,2,3
3158,3,2
1662,1,5
1662,2,3
1662,3,1
2637,1,5
2637,2,4
2637,3,5
2166,1,3
2166,2,4
2166,3,3
2495,1,1
2495,2,4
2495,3,3
3142,1,5
3142,2,4
3142,3,4
1791,1,3
1791,2,4
1791,3,1
160,1,1
160,2,1
160,3,1
993,1,2
993,2,3
993,3,5
1640,1,1
1640,2,5
1640,3,2
2629,1,5
2629,2,3
2629,3,1
1993,1,1
1993,2,4
1993,3,4
258,1,3
258,2,5
258,3,2
1187,1,5
1187,2,1
1187,3,1
3456,1,2
3456,2,5
3456,3,1
3123,1,5
3123,2,5
3123,3,5
464,1,4
464,2,1
464,3,1
958,1,3
958,2,4
958,3,3
494,1,1
494,2,1
494,3,1
4667,1,5
4667,2,4
4667,3,4
4990,1,4
4990,2,3
4990,3,2
246,1,3
246,2,2
246,3,3
2588,1,3
2588,2,4
2588,3,3
4301,1,1
4301,2,3
4301,3,2
2821,1,2
2821,2,2
2821,3,4
4572,1,1
4572,2,5
4572,3,4
4020,1,4
4020,2,4
4020,3,5
2666,1,5
2666,2,2
2666,3,3
4302,1,1
4302,2,4
4302,3,5
3087,1,1
3087,2,1
3087,3,2
715,1,4
715,2,2
715,3,4
1824,1,4
1824,2,4
1824,3,4
4734,1,4
4734,2,1
4734,3,1
613,1,2
613,2,5
613,3,4
3077,1,3
3077,2,5
3077,3,3
4387,1,4
4387,2,1
4387,3,4
2877,1,2
2877,2,2
2877,3,5
2870,1,4
2870,2,1
2870,3,1
1213,1,5
1213,2,2
1213,3,1
3590,1,1
3590,2,5
3590,3,2
4112,1,3
4112,2,3
4112,3,2
2620,1,4
2620,2,3
2620,3,5
3985,1,5
3985,2,2
3985,3,4
3492,1,2
3492,2,5
3492,3,1
4935,1,3
4935,2,2
4935,3,4
2761,1,4
2761,2,5
2761,3,2
1121,1,3
1121,2,4
1121,3,2
7,1,2
7,2,4
7,3,3
1536,1,5
1536,2,1
1536,3,3
127,1,2
127,2,1
127,3,1
661,1,1
661,2,2
661,3,5
3448,1,5
3448,2,5
3448,3,4
2790,1,2
2790,2,3
2790,3,2
2016,1,3
2016,2,5
2016,3,1
3728,1,4
3728,2,4
3728,3,3
1115,1,4
1115,2,2
1115,3,4
2807,1,3
2807,2,3
2807,3,5
2071,1,2
2071,2,2
2071,3,3
747,1,5
747,2,2
747,3,3
826,1,2
826,2,5
826,3,2
102,1,4
102,2,5
102,3,2
3549,1,4
3549,2,1
3549,3,3
2215,1,4
2215,2,5
2215,3,2
1871,1,2
1871,2,2
1871,3,2
4980,1,4
4980,2,2
4980,3,4
2123,1,3
2123,2,3
2123,3,3
4782,1,5
4782,2,4
4782,3,3
865,1,5
865,2,2
865,3,3
2292,1,2
2292,2,1
2292,3,4
3792,1,5
3792,2,2
3792,3,1
1179,1,3
1179,2,5
1179,3,3
2304,1,3
2304,2,5
2304,3,5
3139,1,3
3139,2,3
3139,3,2
1668,1,5
1668,2,3
1668,3,3
1307,1,1
1307,2,5
1307,3,4
4123,1,2
4123,2,4
4123,3,5
1649,1,4
1649,2,2
1649,3,2
2473,1,2
2473,2,4
2473,3,1
2926,1,1
2926,2,4
2926,3,3
1290,1,2
1290,2,1
1290,3,3
2608,1,1
2608,2,5
2608,3,2
954,1,2
954,2,1
954,3,1
435,1,3
435,2,5
435,3,4
2509,1,3
2509,2,5
2509,3,1
2688,1,4
2688,2,3
2688,3,5
3414,1,2
3414,2,1
3414,3,2
4403,1,4
4403,2,5
4403,3,3
3206,1,1
3206,2,1
3206,3,2
2446,1,4
2446,2,1
2446,3,1
2343,1,3
2343,2,5
2343,3,2
472,1,5
472,2,1
472,3,5
557,1,4
557,2,4
557,3,4
927,1,5
927,2,1
927,3,1
2612,1,5
2612,2,2
2612,3,3
1920,1,3
1920,2,1
1920,3,3
1496,1,1
1496,2,4
1496,3,4
3094,1,1
3094,2,2
3094,3,5
1784,1,2
1784,2,5
1784,3,4
2399,1,2
2399,2,5
2399,3,5
1428,1,1
1428,2,5
1428,3,1
830,1,2
830,2,4
830,3,5
1804,1,3
1804,2,1
1804,3,1
3974,1,1
3974,2,4
3974,3,2
1634,1,2
1634,2,2
1634,3,4
194,1,4
194,2,1
194,3,4
3906,1,3
3906,2,2
3906,3,2
1254,1,4
1254,2,5
1254,3,1
407,1,3
407,2,4
407,3,5
4770,1,2
4770,2,4
4770,3,2
4823,1,3
4823,2,5
4823,3,2
1913,1,5
1913,2,2
1913,3,1
2847,1,1
2847,2,2
2847,3,2
1439,1,4
1439,2,3
1439,3,4
808,1,4
808,2,1
808,3,1
1745,1,2
1745,2,2
1745,3,3
2732,1,4
2732,2,1
2732,3,3
1350,1,3
1350,2,2
1350,3,4
3267,1,5
3267,2,2
3267,3,5
1009,1,4
1009,2,5
1009,3,5
4540,1,1
4540,2,3
4540,3,3
4072,1,2
4072,2,1
4072,3,1
1425,1,4
1425,2,3
1425,3,4
2696,1,2
2696,2,3
2696,3,4
4364,1,4
4364,2,1
4364,3,3
1003,1,2
1003,2,4
1003,3,5
1888,1,5
1888,2,5
1888,3,2
4266,1,3
4266,2,4
4266,3,3
4501,1,2
4501,2,3
4501,3,3
666,1,5
666,2,4
666,3,2
1158,1,4
1158,2,1
1158,3,4
3802,1,2
3802,2,3
3802,3,1
1482,1,3
1482,2,1
1482,3,3
2109,1,1
2109,2,1
2109,3,2
1918,1,4
1918,2,4
1918,3,1
2248,1,1
2248,2,1
2248,3,3
4872,1,3
4872,2,1
4872,3,4
778,1,5
778,2,3
778,3,4
2610,1,2
2610,2,2
2610,3,5
1530,1,5
1530,2,3
1530,3,5
702,1,2
702,2,1
702,3,5
4023,1,3
4023,2,1
4023,3,3
4190,1,2
4190,2,5
4190,3,5
4324,1,4
4324,2,2
4324,3,4
4908,1,3
4908,2,4
4908,3,5
4374,1,1
4374,2,1
4374,3,2
3969,1,1
3969,2,3
3969,3,4
123,1,4
123,2,3
123,3,1
3701,1,2
3701,2,3
3701,3,5
932,1,1
932,2,5
932,3,5
3781,1,3
3781,2,4
3781,3,4
3481,1,4
3481,2,1
3481,3,3
3225,1,5
3225,2,3
3225,3,4
4150,1,3
4150,2,5
4150,3,2
217,1,4
217,2,1
217,3,5
4694,1,1
4694,2,1
4694,3,2
3810,1,3
3810,2,1
3810,3,2
2227,1,3
2227,2,2
2227,3,4
1879,1,1
1879,2,1
1879,3,2
281,1,5
281,2,2
281,3,3
3598,1,4
3598,2,3
3598,3,5
3030,1,2
3030,2,4
3030,3,3
3595,1,4
3595,2,1
3595,3,5
937,1,3
937,2,2
937,3,3
2176,1,5
2176,2,2
2176,3,5
1677,1,3
1677,2,3
1677,3,3
1771,1,1
1771,2,2
1771,3,2
2585,1,3
2585,2,1
2585,3,3
4527,1,5
4527,2,5
4527,3,3
2626,1,1
2626,2,3
2626,3,5
3648,1,2
3648,2,1
3648,3,2
3054,1,1
3054,2,2
3054,3,1
3613,1,4
3613,2,3
3613,3,3
531,1,3
531,2,1
531,3,4
4609,1,1
4609,2,4
4609,3,3
3314,1,3
3314,2,2
3314,3,4
1723,1,3
1723,2,5
1723,3,5
4752,1,4
4752,2,1
4752,3,3
3508,1,5
3508,2,3
3508,3,3
3575,1,2
3575,2,1
3575,3,5
4091,1,5
4091,2,1
4091,3,4
3705,1,2
3705,2,5
3705,3,1
459,1,5
459,2,3
459,3,4
2249,1,2
2249,2,3
2249,3,3
4106,1,2
4106,2,4
4106,3,3
957,1,4
957,2,4
957,3,4
3294,1,1
3294,2,2
3294,3,2
2417,1,5
2417,2,5
2417,3,5
1645,1,1
1645,2,5
1645,3,5
3891,1,3
3891,2,2
3891,3,3
1815,1,1
1815,2,5
1815,3,1
3712,1,1
3712,2,2
3712,3,2
2694,1,5
2694,2,3
2694,3,1
3656,1,5
3656,2,4
3656,3,5
1616,1,2
1616,2,2
1616,3,4
4648,1,5
4648,2,4
4648,3,1
4875,1,2
4875,2,4
4875,3,3
4857,1,4
4857,2,4
4857,3,5
575,1,2
575,2,4
575,3,5
1309,1,2
1309,2,4
1309,3,2
4674,1,4
4674,2,2
4674,3,3
2770,1,5
2770,2,4
2770,3,2
1215,1,4
1215,2,1
1215,3,2
1531,1,1
1531,2,5
1531,3,5
3027,1,5
3027,2,1
3027,3,5
288,1,2
288,2,1
288,3,5
899,1,2
899,2,3
899,3,2
1028,1,5
1028,2,1
1028,3,1
1487,1,5
1487,2,3
1487,3,2
3761,1,4
3761,2,2
3761,3,2
2812,1,4
2812,2,3
2812,3,5
1885,1,1
1885,2,1
1885,3,4
2788,1,4
2788,2,5
2788,3,3
2232,1,1
2232,2,4
2232,3,1
2019,1,4
2019,2,3
2019,3,4
3724,1,2
3724,2,5
3724,3,5
598,1,4
598,2,1
598,3,2
1910,1,3
1910,2,4
1910,3,2
1947,1,3
1947,2,2
1947,3,2
1367,1,2
1367,2,2
1367,3,1
928,1,2
928,2,3
928,3,1
3616,1,3
3616,2,4
3616,3,2
1046,1,3
1046,2,1
1046,3,3
1680,1,2
1680,2,4
1680,3,2
1191,1,2
1191,2,1
1191,3,5
3538,1,4
3538,2,2
3538,3,3
2797,1,1
2797,2,1
2797,3,3
1492,1,1
1492,2,5
1492,3,3
4138,1,2
4138,2,4
4138,3,3
4259,1,1
4259,2,5
4259,3,5
2274,1,3
2274,2,1
2274,3,1
3571,1,4
3571,2,2
3571,3,1
2702,1,2
2702,2,3
2702,3,1
1119,1,3
1119,2,1
1119,3,5
1331,1,2
1331,2,4
1331,3,2
2615,1,4
2615,2,1
2615,3,1
1547,1,5
1547,2,1
1547,3,2
3044,1,2
3044,2,2
3044,3,1
3119,1,4
3119,2,2
3119,3,5
4859,1,3
4859,2,2
4859,3,3
1339,1,4
1339,2,3
1339,3,1
4661,1,4
4661,2,4
4661,3,5
4942,1,3
4942,2,4
4942,3,3
314,1,2
314,2,3
314,3,4
2728,1,5
2728,2,1
2728,3,3
374,1,3
374,2,1
374,3,3
195,1,4
195,2,2
195,3,5
978,1,4
978,2,3
978,3,5
1001,1,1
1001,2,3
1001,3,5
3643,1,2
3643,2,4
3643,3,4
1000,1,4
1000,2,4
1000,3,1
874,1,3
874,2,2
874,3,4
1192,1,2
1192,2,5
1192,3,3
4144,1,2
4144,2,3
4144,3,4
3994,1,5
3994,2,3
3994,3,2
1608,1,4
1608,2,1
1608,3,1
2598,1,3
2598,2,2
2598,3,5
4351,1,3
4351,2,5
4351,3,3
1270,1,4
1270,2,5
1270,3,4
879,1,1
879,2,4
879,3,3
4505,1,3
4505,2,4
4505,3,3
1390,1,1
1390,2,4
1390,3,1
4871,1,3
4871,2,3
4871,3,2
2412,1,4
2412,2,1
2412,3,2
4938,1,4
4938,2,2
4938,3,1
2586,1,4
2586,2,5
2586,3,3
3177,1,5
3177,2,3
3177,3,3
1989,1,2
1989,2,4
1989,3,3
2708,1,5
2708,2,1
2708,3,4
4101,1,2
4101,2,3
4101,3,2
1666,1,3
1666,2,2
1666,3,3
1529,1,4
1529,2,5
1529,3,1
691,1,2
691,2,2
691,3,4
447,1,2
447,2,3
447,3,3
2072,1,2
2072,2,3
2072,3,4
74,1,3
74,2,3
74,3,3
626,1,3
626,2,2
626,3,5
33,1,1
33,2,3
33,3,3
2491,1,5
2491,2,2
2491,3,1
1462,1,3
1462,2,5
1462,3,1
3800,1,5
3800,2,2
3800,3,2
3255,1,4
3255,2,1
3255,3,2
1618,1,2
1618,2,2
1618,3,4
4060,1,1
4060,2,1
4060,3,1
1965,1,2
1965,2,5
1965,3,2
3420,1,5
3420,2,5
3420,3,3
2970,1,4
2970,2,3
2970,3,5
3977,1,2
3977,2,2
3977,3,1
4996,1,1
4996,2,1
4996,3,1
2326,1,1
2326,2,3
2326,3,3
3003,1,4
3003,2,2
3003,3,4
2724,1,5
2724,2,4
2724,3,2
3482,1,4
3482,2,3
3482,3,4
68,1,1
68,2,3
68,3,2
2984,1,2
2984,2,1
2984,3,3
807,1,5
807,2,2
807,3,3
1284,1,3
1284,2,1
1284,3,1
3541,1,5
3541,2,5
3541,3,2
711,1,2
711,2,2
711,3,1
4633,1,3
4633,2,5
4633,3,3
4517,1,5
4517,2,2
4517,3,3
3524,1,3
3524,2,2
3524,3,2
671,1,2
671,2,1
671,3,3
321,1,5
321,2,2
321,3,3
4878,1,2
4878,2,4
4878,3,3
2056,1,5
2056,2,5
2056,3,4
1500,1,1
1500,2,3
1500,3,1
4537,1,3
4537,2,4
4537,3,3
4590,1,2
4590,2,3
4590,3,3
155,1,3
155,2,5
155,3,3
4640,1,2
4640,2,2
4640,3,5
2475,1,4
2475,2,1
2475,3,2
465,1,1
465,2,4
465,3,5
4890,1,2
4890,2,1
4890,3,2
4307,1,4
4307,2,5
4307,3,4
3075,1,3
3075,2,4
3075,3,5
455,1,2
455,2,2
455,3,2
4619,1,4
4619,2,5
4619,3,2
534,1,5
534,2,4
534,3,2
367,1,5
367,2,5
367,3,1
2542,1,3
2542,2,5
2542,3,4
1873,1,2
1873,2,5
1873,3,2
3612,1,3
3612,2,1
3612,3,5
448,1,5
448,2,2
448,3,2
4689,1,1
4689,2,2
4689,3,2
529,1,3
529,2,3
529,3,4
2196,1,1
2196,2,4
2196,3,5
4415,1,2
4415,2,5
4415,3,1
4982,1,4
4982,2,1
4982,3,2
1607,1,3
1607,2,1
1607,3,4
4721,1,1
4721,2,5
4721,3,5
783,1,3
783,2,1
783,3,2
967,1,3
967,2,4
967,3,5
3868,1,2
3868,2,2
3868,3,2
2693,1,1
2693,2,4
2693,3,5
925,1,5
925,2,1
925,3,4
3500,1,4
3500,2,3
3500,3,2
3685,1,5
3685,2,1
3685,3,3
479,1,2
479,2,3
479,3,2
696,1,2
696,2,3
696,3,4
3999,1,2
3999,2,4
3999,3,3
3461,1,4
3461,2,5
3461,3,1
4263,1,5
4263,2,5
4263,3,2
4375,1,2
4375,2,5
4375,3,2
4208,1,3
4208,2,3
4208,3,4
2437,1,5
2437,2,3
2437,3,5
4111,1,2
4111,2,4
4111,3,3
4518,1,4
4518,2,1
4518,3,3
733,1,4
733,2,3
733,3,4
2827,1,3
2827,2,2
2827,3,5
3439,1,1
3439,2,5
3439,3,3
1648,1,1
1648,2,5
1648,3,3
3633,1,1
3633,2,2
3633,3,1
85,1,4
85,2,3
85,3,3
3343,1,5
3343,2,2
3343,3,5
2944,1,3
2944,2,3
2944,3,4
1775,1,3
1775,2,5
1775,3,4
4382,1,1
4382,2,3
4382,3,2
859,1,3
859,2,3
859,3,2
4960,1,1
4960,2,1
4960,3,1
1015,1,1
1015,2,1
1015,3,5
2888,1,3
2888,2,1
2888,3,3
1781,1,5
1781,2,4
1781,3,3
2547,1,4
2547,2,3
2547,3,3
3851,1,5
3851,2,1
3851,3,3
3241,1,1
3241,2,4
3241,3,4
2163,1,5
2163,2,5
2163,3,3
3684,1,3
3684,2,3
3684,3,4
2735,1,1
2735,2,5
2735,3,4
4523,1,5
4523,2,2
4523,3,3
3864,1,2
3864,2,2
3864,3,2
3493,1,4
3493,2,1
3493,3,2
762,1,1
762,2,1
762,3,1
1227,1,3
1227,2,5
1227,3,4
2064,1,4
2064,2,1
2064,3,3
3022,1,3
3022,2,1
3022,3,2
3716,1,3
3716,2,2
3716,3,1
181,1,4
181,2,1
181,3,3
4412,1,3
4412,2,5
4412,3,4
991,1,4
991,2,5
991,3,1
1063,1,3
1063,2,4
1063,3,4
2453,1,5
2453,2,2
2453,3,5
1685,1,2
1685,2,3
1685,3,3
2285,1,2
2285,2,5
2285,3,4
714,1,4
714,2,4
714,3,3
2358,1,3
2358,2,5
2358,3,4
2143,1,4
2143,2,3
2143,3,4
3888,1,3
3888,2,1
3888,3,3
643,1,3
643,2,4
643,3,2
823,1,5
823,2,4
823,3,2
148,1,3
148,2,2
148,3,3
943,1,3
943,2,4
943,3,3
3617,1,3
3617,2,1
3617,3,2
4564,1,3
4564,2,1
4564,3,5
3164,1,2
3164,2,3
3164,3,4
3700,1,1
3700,2,2
3700,3,2
2876,1,2
2876,2,1
2876,3,1
1223,1,1
1223,2,5
1223,3,4
4574,1,4
4574,2,5
4574,3,2
4052,1,1
4052,2,5
4052,3,4
2811,1,4
2811,2,4
2811,3,4
28,1,2
28,2,5
28,3,5
65,1,3
65,2,2
65,3,3
376,1,3
376,2,4
376,3,3
3607,1,5
3607,2,1
3607,3,2
3574,1,2
3574,2,3
3574,3,4
1385,1,1
1385,2,4
1385,3,1
4099,1,2
4099,2,4
4099,3,1
2427,1,1
2427,2,5
2427,3,5
4826,1,2
4826,2,4
4826,3,5
4565,1,4
4565,2,3
4565,3,3
1287,1,3
1287,2,5
1287,3,3
1902,1,4
1902,2,5
1902,3,4
3739,1,5
3739,2,1
3739,3,4
247,1,4
247,2,4
247,3,5
3849,1,4
3849,2,3
3849,3,3
4379,1,2
4379,2,2
4379,3,2
3372,1,1
3372,2,1
3372,3,5
2684,1,5
2684,2,4
2684,3,5
3879,1,2
3879,2,1
3879,3,1
1332,1,2
1332,2,4
1332,3,5
3629,1,2
3629,2,5
3629,3,1
2129,1,4
2129,2,3
2129,3,4
1803,1,4
1803,2,4
1803,3,3
768,1,1
768,2,4
768,3,3
4289,1,3
4289,2,1
4289,3,5
3554,1,2
3554,2,2
3554,3,2
1145,1,2
1145,2,2
1145,3,3
2158,1,1
2158,2,3
2158,3,1
2828,1,4
2828,2,2
2828,3,1
2808,1,2
2808,2,4
2808,3,3
2466,1,4
2466,2,2
2466,3,3
1165,1,5
1165,2,5
1165,3,2
4402,1,4
4402,2,4
4402,3,4
1345,1,3
1345,2,4
1345,3,1
3279,1,5
3279,2,5
3279,3,5
4011,1,4
4011,2,3
4011,3,1
4269,1,3
4269,2,2
4269,3,3
4886,1,4
4886,2,1
4886,3,3
620,1,1
620,2,2
620,3,4
2251,1,1
2251,2,1
2251,3,2
1984,1,3
1984,2,2
1984,3,5
2581,1,3
2581,2,1
2581,3,4
1933,1,3
1933,2,1
1933,3,2
2273,1,4
2273,2,4
2273,3,2
2691,1,2
2691,2,3
2691,3,2
1218,1,1
1218,2,3
1218,3,4
3592,1,3
3592,2,4
3592,3,4
2471,1,5
2471,2,1
2471,3,5
1623,1,3
1623,2,2
1623,3,1
352,1,2
352,2,4
352,3,4
2183,1,2
2183,2,5
2183,3,3
390,1,2
390,2,1
390,3,5
3106,1,2
3106,2,1
3106,3,3
2137,1,1
2137,2,5
2137,3,3
1292,1,5
1292,2,1
1292,3,3
2501,1,5
2501,2,2
2501,3,4
2187,1,5
2187,2,4
2187,3,2
1104,1,1
1104,2,1
1104,3,2
2321,1,3
2321,2,2
2321,3,2
4653,1,3
4653,2,1
4653,3,2
1194,1,5
1194,2,5
1194,3,2
782,1,3
782,2,2
782,3,4
3394,1,4
3394,2,4
3394,3,2
4607,1,5
4607,2,3
4607,3,4
3507,1,5
3507,2,5
3507,3,3
2599,1,4
2599,2,2
2599,3,1
1113,1,4
1113,2,2
1113,3,1
4420,1,1
4420,2,5
4420,3,4
4013,1,5
4013,2,3
4013,3,3
1755,1,4
1755,2,4
1755,3,5
3384,1,3
3384,2,4
3384,3,5
3720,1,2
3720,2,2
3720,3,4
4228,1,5
4228,2,1
4228,3,2
3110,1,2
3110,2,3
3110,3,3
1977,1,3
1977,2,3
1977,3,5
4054,1,2
4054,2,1
4054,3,3
3662,1,4
3662,2,2
3662,3,5
4610,1,3
4610,2,2
4610,3,2
3788,1,1
3788,2,2
3788,3,2
3742,1,3
3742,2,2
3742,3,3
1806,1,2
1806,2,5
1806,3,4
2826,1,1
2826,2,4
2826,3,2
1465,1,4
1465,2,1
1465,3,1
873,1,2
873,2,1
873,3,3
2905,1,4
2905,2,2
2905,3,2
231,1,2
231,2,1
231,3,3
2448,1,2
2448,2,2
2448,3,2
2010,1,5
2010,2,2
2010,3,4
1202,1,4
1202,2,3
1202,3,1
2009,1,5
2009,2,2
2009,3,5
4943,1,4
4943,2,4
4943,3,2
2845,1,5
2845,2,3
2845,3,4
4753,1,3
4753,2,5
4753,3,4
3105,1,1
3105,2,2
3105,3,4
4813,1,1
4813,2,2
4813,3,2
4139,1,5
4139,2,4
4139,3,4
2873,1,5
2873,2,2
2873,3,4
3540,1,4
3540,2,3
3540,3,2
1891,1,5
1891,2,2
1891,3,1
3234,1,3
3234,2,4
3234,3,3
3942,1,2
3942,2,2
3942,3,3
966,1,2
966,2,4
966,3,1
2950,1,5
2950,2,5
2950,3,5
878,1,5
878,2,5
878,3,5
1864,1,5
1864,2,1
1864,3,3
2380,1,1
2380,2,2
2380,3,1
86,1,5
86,2,1
86,3,3
4082,1,4
4082,2,5
4082,3,3
4907,1,1
4907,2,5
4907,3,4
3386,1,4
3386,2,5
3386,3,2
3250,1,4
3250,2,4
3250,3,5
596,1,5
596,2,3
596,3,2
2709,1,4
2709,2,2
2709,3,1
441,1,3
441,2,4
441,3,3
3226,1,3
3226,2,2
3226,3,4
3153,1,4
3153,2,5
3153,3,1
929,1,5
929,2,1
929,3,2
2162,1,4
2162,2,5
2162,3,3
2429,1,5
2429,2,2
2429,3,3
824,1,1
824,2,3
824,3,4
3559,1,4
3559,2,1
3559,3,2
4738,1,1
4738,2,5
4738,3,2
4465,1,1
4465,2,4
4465,3,3
1313,1,1
1313,2,5
1313,3,3
3364,1,1
3364,2,4
3364,3,4
3660,1,2
3660,2,1
3660,3,4
986,1,1
986,2,2
986,3,1
923,1,4
923,2,3
923,3,2
92,1,1
92,2,5
92,3,1
4040,1,4
4040,2,1
4040,3,5
2203,1,2
2203,2,3
2203,3,2
593,1,4
593,2,5
593,3,3
852,1,2
852,2,3
852,3,2
2791,1,2
2791,2,4
2791,3,2
1583,1,3
1583,2,4
1583,3,4
3565,1,2
3565,2,3
3565,3,1
2639,1,1
2639,2,5
2639,3,4
1551,1,2
1551,2,2
1551,3,5
3136,1,3
3136,2,3
3136,3,1
3912,1,5
3912,2,1
3912,3,1
9,1,2
9,2,4
9,3,4
2776,1,4
2776,2,1
2776,3,4
286,1,5
286,2,1
286,3,2
4232,1,2
4232,2,4
4232,3,4
3954,1,5
3954,2,3
3954,3,4
2300,1,1
2300,2,4
2300,3,2
1054,1,1
1054,2,1
1054,3,1
1334,1,5
1334,2,4
1334,3,3
2558,1,2
2558,2,1
2558,3,2
2464,1,4
2464,2,2
2464,3,4
1893,1,4
1893,2,4
1893,3,3
1006,1,3
1006,2,5
1006,3,4
4711,1,5
4711,2,2
4711,3,1
524,1,3
524,2,2
524,3,2
3502,1,3
3502,2,4
3502,3,2
1323,1,2
1323,2,1
1323,3,4
1123,1,1
1123,2,4
1123,3,1
4174,1,4
4174,2,5
4174,3,5
2774,1,2
2774,2,1
2774,3,1
2692,1,2
2692,2,1
2692,3,5
1866,1,4
1866,2,4
1866,3,3
2680,1,4
2680,2,1
2680,3,5
1298,1,1
1298,2,3
1298,3,2
3870,1,1
3870,2,5
3870,3,1
4972,1,5
4972,2,5
4972,3,3
3818,1,5
3818,2,2
3818,3,4
2806,1,5
2806,2,5
2806,3,1
1756,1,3
1756,2,4
1756,3,4
4965,1,2
4965,2,4
4965,3,3
3271,1,5
3271,2,4
3271,3,3
1319,1,5
1319,2,2
1319,3,1
1694,1,3
1694,2,1
1694,3,3
805,1,5
805,2,2
805,3,1
2525,1,5
2525,2,3
2525,3,1
3544,1,3
3544,2,4
3544,3,5
4251,1,3
4251,2,2
4251,3,5
3345,1,5
3345,2,4
3345,3,4
3251,1,3
3251,2,5
3251,3,5
3983,1,2
3983,2,2
3983,3,5
3043,1,4
3043,2,5
3043,3,4
1231,1,4
1231,2,2
1231,3,3
2606,1,4
2606,2,4
2606,3,2
632,1,1
632,2,4
632,3,5
2500,1,4
2500,2,3
2500,3,2
3440,1,1
3440,2,5
3440,3,3
4659,1,5
4659,2,1
4659,3,2
300,1,2
300,2,2
300,3,5
2981,1,3
2981,2,1
2981,3,2
2339,1,3
2339,2,4
2339,3,1
2546,1,2
2546,2,4
2546,3,5
399,1,1
399,2,3
399,3,5
4162,1,1
4162,2,1
4162,3,5
4306,1,3
4306,2,5
4306,3,5
4122,1,3
4122,2,5
4122,3,5
2387,1,4
2387,2,4
2387,3,3
3657,1,4
3657,2,5
3657,3,4
3322,1,1
3322,2,3
3322,3,1
2347,1,4
2347,2,1
2347,3,2
4043,1,1
4043,2,1
4043,3,1
1638,1,4
1638,2,2
1638,3,4
4271,1,2
4271,2,3
4271,3,5
4922,1,2
4922,2,4
4922,3,5
1830,1,2
1830,2,2
1830,3,2
2050,1,4
2050,2,2
2050,3,4
319,1,2
319,2,2
319,3,2
3051,1,4
3051,2,3
3051,3,4
3786,1,5
3786,2,3
3786,3,1
3196,1,2
3196,2,2
3196,3,1
3499,1,2
3499,2,4
3499,3,5
3451,1,3
3451,2,4
3451,3,1
1525,1,5
1525,2,4
1525,3,2
2670,1,1
2670,2,5
2670,3,5
2526,1,4
2526,2,5
2526,3,2
1831,1,2
1831,2,1
1831,3,3
3667,1,4
3667,2,5
3667,3,5
429,1,2
429,2,3
429,3,4
263,1,2
263,2,2
263,3,5
3273,1,4
3273,2,3
3273,3,1
3827,1,2
3827,2,4
3827,3,3
1378,1,1
1378,2,5
1378,3,1
3466,1,1
3466,2,5
3466,3,1
1368,1,1
1368,2,4
1368,3,1
2354,1,4
2354,2,1
2354,3,5
4316,1,4
4316,2,2
4316,3,4
761,1,1
761,2,1
761,3,2
1639,1,3
1639,2,3
1639,3,5
1212,1,2
1212,2,2
1212,3,5
2840,1,4
2840,2,1
2840,3,1
4712,1,1
4712,2,5
4712,3,4
4557,1,1
4557,2,5
4557,3,1
222,1,1
222,2,4
222,3,3
1363,1,1
1363,2,4
1363,3,5
2424,1,2
2424,2,5
2424,3,5
257,1,3
257,2,5
257,3,3
2805,1,3
2805,2,3
2805,3,5
1735,1,1
1735,2,2
1735,3,4
3535,1,3
3535,2,4
3535,3,3
3409,1,3
3409,2,2
3409,3,2
4323,1,4
4323,2,4
4323,3,4
1436,1,1
1436,2,4
1436,3,1
2080,1,2
2080,2,2
2080,3,1
1858,1,1
1858,2,4
1858,3,5
498,1,5
498,2,3
498,3,5
2018,1,4
2018,2,3
2018,3,2
2028,1,1
2028,2,2
2028,3,4
4239,1,1
4239,2,3
4239,3,2
3893,1,4
3893,2,4
3893,3,4
4778,1,4
4778,2,4
4778,3,5
964,1,4
964,2,4
964,3,1
2838,1,5
2838,2,4
2838,3,1
1149,1,3
1149,2,3
1149,3,3
698,1,4
698,2,5
698,3,3
2309,1,2
2309,2,5
2309,3,4
3291,1,4
3291,2,2
3291,3,2
4131,1,4
4131,2,4
4131,3,1
1701,1,5
1701,2,4
1701,3,1
1203,1,2
1203,2,2
1203,3,3
3621,1,1
3621,2,3
3621,3,3
3824,1,2
3824,2,5
3824,3,1
3208,1,4
3208,2,4
3208,3,2
2783,1,5
2783,2,2
2783,3,1
754,1,1
754,2,4
754,3,5
2986,1,4
2986,2,1
2986,3,1
4531,1,2
4531,2,1
4531,3,2
2824,1,3
2824,2,2
2824,3,2
3473,1,1
3473,2,4
3473,3,4
3995,1,2
3995,2,2
3995,3,2
941,1,4
941,2,5
941,3,2
3408,1,5
3408,2,1
3408,3,2
3631,1,5
3631,2,3
3631,3,1
1567,1,1
1567,2,5
1567,3,4
3639,1,3
3639,2,1
3639,3,5
1506,1,2
1506,2,1
1506,3,2
118,1,2
118,2,5
118,3,2
4270,1,3
4270,2,1
4270,3,5
2481,1,4
2481,2,5
2481,3,5
1889,1,2
1889,2,2
1889,3,1
372,1,4
372,2,2
372,3,4
4508,1,3
4508,2,4
4508,3,2
2864,1,1
2864,2,5
2864,3,5
2242,1,2
2242,2,1
2242,3,4
3102,1,1
3102,2,3
3102,3,4
883,1,1
883,2,3
883,3,2
3464,1,5
3464,2,2
3464,3,2
1448,1,3
1448,2,1
1448,3,2
2597,1,3
2597,2,5
2597,3,3
3641,1,5
3641,2,2
3641,3,4
3896,1,3
3896,2,4
3896,3,3
2156,1,1
2156,2,4
2156,3,1
4784,1,4
4784,2,3
4784,3,1
3835,1,2
3835,2,4
3835,3,5
2825,1,4
2825,2,4
2825,3,4
1255,1,2
1255,2,3
1255,3,1
1875,1,4
1875,2,4
1875,3,3
1295,1,2
1295,2,1
1295,3,4
4662,1,2
4662,2,2
4662,3,5
4959,1,3
4959,2,4
4959,3,1
4669,1,4
4669,2,4
4669,3,1
3671,1,4
3671,2,5
3671,3,2
1013,1,2
1013,2,3
1013,3,1
2640,1,4
2640,2,2
2640,3,4
4524,1,4
4524,2,4
4524,3,3
4018,1,2
4018,2,1
4018,3,4
4332,1,3
4332,2,2
4332,3,3
1919,1,2
1919,2,5
1919,3,4
2155,1,4
2155,2,1
2155,3,1
1514,1,3
1514,2,3
1514,3,5
3140,1,4
3140,2,4
3140,3,2
289,1,5
289,2,3
289,3,1
1110,1,4
1110,2,3
1110,3,5
788,1,1
788,2,3
788,3,3
3772,1,3
3772,2,5
3772,3,5
802,1,4
802,2,4
802,3,5
2297,1,2
2297,2,4
2297,3,1
284,1,1
284,2,5
284,3,1
3610,1,5
3610,2,3
3610,3,5
1265,1,3
1265,2,5
1265,3,4
669,1,2
669,2,4
669,3,3
4230,1,4
4230,2,4
4230,3,2
3272,1,2
3272,2,2
3272,3,5
1099,1,4
1099,2,2
1099,3,2
3221,1,4
3221,2,3
3221,3,5
1908,1,1
1908,2,3
1908,3,1
4076,1,4
4076,2,1
4076,3,2
4499,1,2
4499,2,4
4499,3,1
2883,1,5
2883,2,2
2883,3,3
949,1,2
949,2,3
949,3,3
1004,1,3
1004,2,1
1004,3,4
2159,1,3
2159,2,4
2159,3,1
3429,1,5
3429,2,1
3429,3,4
311,1,1
311,2,1
311,3,2
2816,1,1
2816,2,2
2816,3,3
446,1,2
446,2,4
446,3,4
2630,1,4
2630,2,5
2630,3,2
177,1,3
177,2,4
177,3,1
4955,1,2
4955,2,5
4955,3,4
323,1,3
323,2,3
323,3,5
4343,1,2
4343,2,2
4343,3,5
4885,1,5
4885,2,1
4885,3,1
1497,1,1
1497,2,2
1497,3,5
3597,1,4
3597,2,1
3597,3,3
1374,1,1
1374,2,1
1374,3,2
2700,1,3
2700,2,1
2700,3,1
3180,1,5
3180,2,5
3180,3,5
208,1,4
208,2,2
208,3,3
845,1,2
845,2,3
845,3,3
2454,1,1
2454,2,5
2454,3,1
553,1,5
553,2,3
553,3,4
3111,1,3
3111,2,3
3111,3,2
764,1,2
764,2,4
764,3,4
2850,1,2
2850,2,2
2850,3,1
1383,1,1
1383,2,3
1383,3,4
4345,1,4
4345,2,1
4345,3,5
4630,1,1
4630,2,4
4630,3,1
3932,1,2
3932,2,2
3932,3,5
4225,1,5
4225,2,1
4225,3,1
2830,1,4
2830,2,5
2830,3,1
3447,1,5
3447,2,3
3447,3,4
1952,1,2
1952,2,2
1952,3,4
4883,1,3
4883,2,1
4883,3,3
3756,1,3
3756,2,2
3756,3,3
1144,1,5
1144,2,2
1144,3,4
1886,1,2
1886,2,2
1886,3,4
4854,1,3
4854,2,4
4854,3,3
1763,1,5
1763,2,3
1763,3,1
3697,1,1
3697,2,3
3697,3,2
4281,1,4
4281,2,2
4281,3,2
1733,1,2
1733,2,1
1733,3,3
3356,1,4
3356,2,3
3356,3,5
1445,1,1
1445,2,2
1445,3,2
2502,1,3
2502,2,4
2502,3,1
2007,1,1
2007,2,4
2007,3,3
4663,1,1
4663,2,1
4663,3,5
1117,1,4
1117,2,5
1117,3,5
3936,1,2
3936,2,3
3936,3,5
4552,1,1
4552,2,1
4552,3,5
3438,1,4
3438,2,2
3438,3,5
3053,1,4
3053,2,5
3053,3,3
3803,1,1
3803,2,3
3803,3,1
126,1,3
126,2,5
126,3,2
4199,1,3
4199,2,1
4199,3,3
1148,1,4
1148,2,4
1148,3,4
2078,1,4
2078,2,1
2078,3,5
985,1,1
985,2,5
985,3,4
1606,1,4
1606,2,3
1606,3,1
2315,1,1
2315,2,4
2315,3,5
2057,1,2
2057,2,1
2057,3,5
4468,1,5
4468,2,1
4468,3,4
3264,1,1
3264,2,4
3264,3,5
550,1,4
550,2,1
550,3,2
1002,1,3
1002,2,2
1002,3,5
781,1,4
781,2,3
781,3,1
580,1,5
580,2,3
580,3,4
4603,1,1
4603,2,3
4603,3,4
4891,1,2
4891,2,1
4891,3,2
2301,1,3
2301,2,3
2301,3,1
1188,1,2
1188,2,4
1188,3,5
4714,1,3
4714,2,3
4714,3,5
4391,1,2
4391,2,4
4391,3,5
2381,1,4
2381,2,2
2381,3,1
3581,1,2
3581,2,1
3581,3,2
2778,1,2
2778,2,5
2778,3,5
704,1,4
704,2,3
704,3,5
466,1,5
466,2,2
466,3,2
1789,1,4
1789,2,1
1789,3,4
486,1,2
486,2,1
486,3,3
563,1,1
563,2,3
563,3,1
3495,1,3
3495,2,1
3495,3,2
3998,1,1
3998,2,3
3998,3,1
2942,1,2
2942,2,4
2942,3,3
574,1,3
574,2,1
574,3,2
2337,1,3
2337,2,4
2337,3,4
272,1,3
272,2,5
272,3,1
1306,1,1
1306,2,3
1306,3,3
2718,1,1
2718,2,5
2718,3,1
1945,1,1
1945,2,4
1945,3,2
3869,1,2
3869,2,1
3869,3,2
3837,1,4
3837,2,5
3837,3,5
433,1,1
433,2,2
433,3,5
2570,1,4
2570,2,2
2570,3,3
2912,1,3
2912,2,5
2912,3,1
3521,1,5
3521,2,4
3521,3,4
3651,1,5
3651,2,3
3651,3,5
818,1,4
818,2,3
818,3,1
2239,1,3
2239,2,2
2239,3,1
1337,1,5
1337,2,1
1337,3,4
3776,1,1
3776,2,2
3776,3,3
1746,1,4
1746,2,4
1746,3,4
2213,1,2
2213,2,1
2213,3,5
4184,1,4
4184,2,3
4184,3,1
396,1,5
396,2,1
396,3,1
2037,1,3
2037,2,2
2037,3,4
2258,1,5
2258,2,5
2258,3,1
963,1,3
963,2,2
963,3,3
1821,1,3
1821,2,5
1821,3,3
519,1,2
519,2,2
519,3,4
3288,1,5
3288,2,1
3288,3,4
2250,1,1
2250,2,3
2250,3,2
4582,1,4
4582,2,4
4582,3,4
99,1,5
99,2,3
99,3,2
4098,1,5
4098,2,5
4098,3,2
507,1,2
507,2,1
507,3,1
637,1,4
637,2,5
637,3,4
2846,1,1
2846,2,2
2846,3,5
2929,1,2
2929,2,2
2929,3,3
4464,1,4
4464,2,3
4464,3,3
3201,1,5
3201,2,5
3201,3,5
1843,1,2
1843,2,2
1843,3,2
1778,1,5
1778,2,2
1778,3,4
332,1,3
332,2,5
332,3,4
3861,1,4
3861,2,3
3861,3,2
2182,1,1
2182,2,5
2182,3,4
3181,1,1
3181,2,3
3181,3,2
2024,1,5
2024,2,1
2024,3,5
4283,1,2
4283,2,3
4283,3,4
3599,1,3
3599,2,2
3599,3,3
2880,1,4
2880,2,1
2880,3,1
739,1,1
739,2,3
739,3,3
1957,1,5
1957,2,1
1957,3,3
3406,1,2
3406,2,2
3406,3,4
2465,1,3
2465,2,5
2465,3,5
622,1,3
622,2,2
622,3,1
379,1,3
379,2,4
379,3,3
1900,1,2
1900,2,5
1900,3,5
2421,1,4
2421,2,5
2421,3,5
131,1,1
131,2,5
131,3,1
1211,1,5
1211,2,5
1211,3,1
3326,1,3
3326,2,4
3326,3,5
4837,1,4
4837,2,5
4837,3,2
758,1,4
758,2,1
758,3,3
2370,1,1
2370,2,3
2370,3,5
940,1,2
940,2,5
940,3,1
4290,1,2
4290,2,3
4290,3,5
4451,1,1
4451,2,2
4451,3,4
188,1,2
188,2,2
188,3,3
4088,1,2
4088,2,2
4088,3,1
296,1,3
296,2,3
296,3,2
4210,1,3
4210,2,2
4210,3,1
2403,1,3
2403,2,4
2403,3,4
4771,1,4
4771,2,2
4771,3,4
1396,1,1
1396,2,5
1396,3,3
4591,1,1
4591,2,4
4591,3,2
4078,1,5
4078,2,1
4078,3,2
4183,1,2
4183,2,2
4183,3,1
3072,1,4
3072,2,2
3072,3,2
2638,1,1
2638,2,2
2638,3,2
3620,1,3
3620,2,5
3620,3,2
482,1,4
482,2,2
482,3,5
3344,1,1
3344,2,3
3344,3,2
2750,1,1
2750,2,5
2750,3,5
248,1,3
248,2,1
248,3,1
4408,1,5
4408,2,5
4408,3,3
4772,1,5
4772,2,1
4772,3,1
836,1,2
836,2,4
836,3,1
2538,1,1
2538,2,4
2538,3,1
4497,1,4
4497,2,2
4497,3,1
4170,1,1
4170,2,1
4170,3,2
3965,1,4
3965,2,3
3965,3,3
4578,1,2
4578,2,1
4578,3,1
198,1,4
198,2,1
198,3,1
3265,1,5
3265,2,5
3265,3,2
2029,1,3
2029,2,5
2029,3,1
4944,1,1
4944,2,4
4944,3,5
1344,1,4
1344,2,5
1344,3,4
4469,1,5
4469,2,1
4469,3,2
1246,1,2
1246,2,3
1246,3,3
273,1,1
273,2,1
273,3,5
3966,1,2
3966,2,3
3966,3,1
3814,1,1
3814,2,1
3814,3,2
1679,1,3
1679,2,2
1679,3,3
4084,1,2
4084,2,3
4084,3,4
1279,1,3
1279,2,2
1279,3,4
573,1,5
573,2,1
573,3,5
2338,1,5
2338,2,5
2338,3,3
3649,1,3
3649,2,1
3649,3,4
306,1,1
306,2,2
306,3,1
1415,1,5
1415,2,2
1415,3,1
3480,1,5
3480,2,1
3480,3,5
673,1,1
673,2,2
673,3,5
138,1,3
138,2,3
138,3,5
2482,1,4
2482,2,4
2482,3,1
740,1,5
740,2,3
740,3,5
1896,1,1
1896,2,3
1896,3,2
1663,1,1
1663,2,2
1663,3,3
2177,1,5
2177,2,5
2177,3,2
4861,1,1
4861,2,1
4861,3,3
2152,1,2
2152,2,3
2152,3,1
831,1,5
831,2,5
831,3,4
183,1,4
183,2,2
183,3,2
1641,1,4
1641,2,1
1641,3,3
442,1,4
442,2,3
442,3,2
3104,1,1
3104,2,1
3104,3,2
4487,1,1
4487,2,3
4487,3,1
1411,1,2
1411,2,1
1411,3,1
2447,1,3
2447,2,5
2447,3,5
1412,1,5
1412,2,2
1412,3,3
1793,1,2
1793,2,1
1793,3,4
4973,1,1
4973,2,5
4973,3,3
3100,1,5
3100,2,5
3100,3,4
2579,1,3
2579,2,5
2579,3,3
4436,1,4
4436,2,5
4436,3,5
2496,1,2
2496,2,3
2496,3,1
2030,1,2
2030,2,2
2030,3,4
1178,1,4
1178,2,4
1178,3,1
4812,1,4
4812,2,4
4812,3,3
3727,1,2
3727,2,3
3727,3,4
1841,1,2
1841,2,3
1841,3,1
1086,1,3
1086,2,4
1086,3,1
3354,1,2
3354,2,1
3354,3,3
4573,1,2
4573,2,5
4573,3,1
3899,1,2
3899,2,5
3899,3,2
4248,1,4
4248,2,2
4248,3,1
3734,1,1
3734,2,4
3734,3,1
1160,1,2
1160,2,3
1160,3,4
1047,1,5
1047,2,2
1047,3,5
2127,1,1
2127,2,5
2127,3,5
1983,1,2
1983,2,3
1983,3,2
863,1,1
863,2,2
863,3,4
1090,1,3
1090,2,1
1090,3,1
1772,1,5
1772,2,4
1772,3,2
107,1,2
107,2,4
107,3,2
144,1,5
144,2,5
144,3,3
1258,1,2
1258,2,5
1258,3,4
896,1,1
896,2,1
896,3,2
2747,1,5
2747,2,4
2747,3,2
4709,1,4
4709,2,2
4709,3,2
1112,1,4
1112,2,2
1112,3,2
2853,1,5
2853,2,4
2853,3,5
4130,1,2
4130,2,4
4130,3,2
4654,1,4
4654,2,4
4654,3,4
2617,1,3
2617,2,3
2617,3,3
3127,1,4
3127,2,1
3127,3,1
3678,1,5
3678,2,3
3678,3,5
1943,1,2
1943,2,2
1943,3,2
2799,1,5
2799,2,3
2799,3,4
4317,1,4
4317,2,3
4317,3,4
1865,1,4
1865,2,4
1865,3,3
1914,1,5
1914,2,5
1914,3,1
1642,1,5
1642,2,5
1642,3,1
1242,1,3
1242,2,1
1242,3,5
4665,1,2
4665,2,1
4665,3,1
1209,1,4
1209,2,4
1209,3,1
4431,1,2
4431,2,1
4431,3,3
3358,1,3
3358,2,1
3358,3,1
3157,1,2
3157,2,2
3157,3,3
3388,1,4
3388,2,2
3388,3,4
4835,1,5
4835,2,1
4835,3,4
480,1,4
480,2,4
480,3,3
1075,1,1
1075,2,4
1075,3,1
4894,1,5
4894,2,4
4894,3,4
2769,1,5
2769,2,3
2769,3,3
3173,1,2
3173,2,3
3173,3,5
4014,1,2
4014,2,2
4014,3,5
4983,1,3
4983,2,3
4983,3,4
457,1,4
457,2,1
457,3,1
419,1,1
419,2,1
419,3,3
4628,1,1
4628,2,5
4628,3,1
1240,1,4
1240,2,4
1240,3,4
650,1,2
650,2,2
650,3,1
2003,1,5
2003,2,4
2003,3,5
3467,1,2
3467,2,4
3467,3,5
1065,1,3
1065,2,1
1065,3,1
4754,1,1
4754,2,4
4754,3,3
4636,1,4
4636,2,5
4636,3,1
2685,1,3
2685,2,5
2685,3,1
3991,1,1
3991,2,2
3991,3,2
4148,1,2
4148,2,2
4148,3,2
2712,1,5
2712,2,4
2712,3,2
4369,1,3
4369,2,3
4369,3,5
2468,1,2
2468,2,3
2468,3,1
4756,1,2
4756,2,5
4756,3,2
3034,1,5
3034,2,5
3034,3,2
200,1,3
200,2,5
200,3,3
4314,1,4
4314,2,1
4314,3,1
858,1,3
858,2,2
858,3,3
618,1,1
618,2,2
618,3,5
4931,1,1
4931,2,4
4931,3,2
1401,1,2
1401,2,3
1401,3,2
4247,1,1
4247,2,2
4247,3,1
4108,1,2
4108,2,3
4108,3,2
3432,1,1
3432,2,3
3432,3,5
2887,1,2
2887,2,3
2887,3,4
4671,1,4
4671,2,5
4671,3,2
939,1,3
939,2,4
939,3,2
4522,1,2
4522,2,2
4522,3,2
4673,1,3
4673,2,5
4673,3,5
866,1,2
866,2,1
866,3,5
3763,1,5
3763,2,3
3763,3,2
4435,1,2
4435,2,1
4435,3,5
4252,1,4
4252,2,3
4252,3,1
4732,1,3
4732,2,3
4732,3,3
1167,1,1
1167,2,2
1167,3,2
1522,1,3
1522,2,2
1522,3,5
4626,1,3
4626,2,2
4626,3,5
3759,1,2
3759,2,3
3759,3,3
2655,1,4
2655,2,2
2655,3,4
3676,1,3
3676,2,4
3676,3,4
40,1,4
40,2,2
40,3,2
2098,1,2
2098,2,5
2098,3,1
4581,1,4
4581,2,5
4581,3,4
3056,1,3
3056,2,5
3056,3,2
1114,1,3
1114,2,3
1114,3,3
3518,1,2
3518,2,2
3518,3,3
2093,1,2
2093,2,2
2093,3,5
113,1,1
113,2,3
113,3,5
4600,1,3
4600,2,5
4600,3,3
2737,1,3
2737,2,5
2737,3,1
4887,1,1
4887,2,1
4887,3,2
3112,1,5
3112,2,3
3112,3,3
4701,1,2
4701,2,4
4701,3,3
1863,1,5
1863,2,1
1863,3,5
871,1,4
871,2,4
871,3,4
1675,1,3
1675,2,5
1675,3,1
2416,1,4
2416,2,5
2416,3,2
3927,1,4
3927,2,5
3927,3,3
3028,1,5
3028,2,3
3028,3,1
502,1,5
502,2,4
502,3,5
608,1,1
608,2,2
608,3,4
1584,1,5
1584,2,4
1584,3,3
4336,1,4
4336,2,4
4336,3,1
4395,1,1
4395,2,1
4395,3,1
4212,1,2
4212,2,2
4212,3,3
2800,1,5
2800,2,2
2800,3,2
2919,1,2
2919,2,4
2919,3,1
4439,1,2
4439,2,3
4439,3,5
4143,1,3
4143,2,1
4143,3,5
4657,1,4
4657,2,1
4657,3,5
3513,1,3
3513,2,2
3513,3,2
4868,1,3
4868,2,2
4868,3,3
2043,1,3
2043,2,1
2043,3,2
1094,1,1
1094,2,4
1094,3,3
1347,1,3
1347,2,2
1347,3,1
298,1,5
298,2,5
298,3,3
355,1,4
355,2,2
355,3,1
3755,1,3
3755,2,3
3755,3,5
706,1,2
706,2,5
706,3,4
4599,1,3
4599,2,4
4599,3,1
305,1,4
305,2,4
305,3,3
1633,1,3
1633,2,5
1633,3,4
4432,1,2
4432,2,1
4432,3,4
269,1,3
269,2,4
269,3,4
4034,1,4
4034,2,4
4034,3,2
3661,1,5
3661,2,1
3661,3,5
4051,1,5
4051,2,2
4051,3,2
2837,1,2
2837,2,2
2837,3,1
330,1,1
330,2,2
330,3,1
4237,1,2
4237,2,2
4237,3,1
3958,1,3
3958,2,1
3958,3,5
3949,1,2
3949,2,2
3949,3,5
3154,1,4
3154,2,5
3154,3,2
4687,1,5
4687,2,3
4687,3,2
2661,1,5
2661,2,3
2661,3,1
2703,1,5
2703,2,5
2703,3,5
2913,1,1
2913,2,1
2913,3,2
4881,1,5
4881,2,1
4881,3,5
2497,1,5
2497,2,2
2497,3,2
1037,1,3
1037,2,3
1037,3,2
1709,1,3
1709,2,4
1709,3,1
3239,1,1
3239,2,3
3239,3,3
3029,1,5
3029,2,5
3029,3,3
1799,1,5
1799,2,2
1799,3,5
4596,1,5
4596,2,3
4596,3,3
1812,1,2
1812,2,5
1812,3,1
3266,1,2
3266,2,5
3266,3,3
2922,1,5
2922,2,5
2922,3,5
2192,1,1
2192,2,2
2192,3,1
4178,1,4
4178,2,2
4178,3,5
743,1,2
743,2,5
743,3,1
4686,1,4
4686,2,1
4686,3,2
3303,1,5
3303,2,5
3303,3,4
668,1,2
668,2,3
668,3,3
4105,1,1
4105,2,5
4105,3,2
2793,1,3
2793,2,5
2793,3,3
708,1,4
708,2,5
708,3,4
4800,1,2
4800,2,4
4800,3,3
438,1,1
438,2,5
438,3,1
794,1,4
794,2,5
794,3,2
647,1,4
647,2,3
647,3,4
840,1,2
840,2,1
840,3,2
4024,1,2
4024,2,1
4024,3,4
2099,1,5
2099,2,5
2099,3,1
1970,1,3
1970,2,5
1970,3,5
816,1,1
816,2,3
816,3,3
3319,1,2
3319,2,5
3319,3,4
3871,1,4
3871,2,4
3871,3,4
2434,1,1
2434,2,5
2434,3,5
1177,1,4
1177,2,3
1177,3,2
94,1,5
94,2,1
94,3,2
4516,1,2
4516,2,5
4516,3,3
681,1,3
681,2,1
681,3,5
4166,1,4
4166,2,3
4166,3,5
2804,1,4
2804,2,5
2804,3,2
224,1,2
224,2,1
224,3,2
1699,1,1
1699,2,2
1699,3,4
914,1,3
914,2,5
914,3,2
992,1,1
992,2,5
992,3,3
4713,1,1
4713,2,2
4713,3,2
2329,1,2
2329,2,2
2329,3,2
2144,1,2
2144,2,3
2144,3,4
2935,1,3
2935,2,5
2935,3,4
3277,1,4
3277,2,3
3277,3,4
1091,1,5
1091,2,2
1091,3,1
1862,1,3
1862,2,2
1862,3,3
1399,1,2
1399,2,1
1399,3,1
3076,1,4
3076,2,2
3076,3,3
1464,1,2
1464,2,3
1464,3,1
3462,1,2
3462,2,5
3462,3,1
2219,1,5
2219,2,3
2219,3,1
665,1,1
665,2,5
665,3,1
4107,1,3
4107,2,1
4107,3,3
838,1,3
838,2,1
838,3,2
4104,1,1
4104,2,4
4104,3,4
734,1,5
734,2,3
734,3,4
1238,1,2
1238,2,5
1238,3,2
3352,1,4
3352,2,4
3352,3,2
4318,1,4
4318,2,3
4318,3,3
2318,1,5
2318,2,5
2318,3,1
2275,1,4
2275,2,1
2275,3,2
4414,1,4
4414,2,3
4414,3,3
3063,1,3
3063,2,1
3063,3,1
625,1,4
625,2,5
625,3,3
4502,1,3
4502,2,5
4502,3,4
2882,1,1
2882,2,2
2882,3,4
2505,1,4
2505,2,4
2505,3,1
205,1,3
205,2,2
205,3,3
458,1,4
458,2,5
458,3,4
2512,1,3
2512,2,1
2512,3,4
4470,1,2
4470,2,4
4470,3,5
4291,1,3
4291,2,4
4291,3,2
4274,1,3
4274,2,1
4274,3,1
1151,1,3
1151,2,5
1151,3,1
260,1,1
260,2,5
260,3,4
885,1,1
885,2,5
885,3,5
3745,1,3
3745,2,3
3745,3,2
2211,1,5
2211,2,4
2211,3,3
72,1,2
72,2,2
72,3,1
3020,1,1
3020,2,3
3020,3,3
2517,1,4
2517,2,5
2517,3,5
1629,1,4
1629,2,4
1629,3,5
1127,1,5
1127,2,4
1127,3,2
3199,1,1
3199,2,4
3199,3,3
3593,1,3
3593,2,3
3593,3,1
467,1,4
467,2,3
467,3,3
245,1,3
245,2,4
245,3,2
3469,1,5
3469,2,5
3469,3,3
4786,1,4
4786,2,4
4786,3,3
1744,1,5
1744,2,2
1744,3,1
3898,1,2
3898,2,3
3898,3,3
4179,1,4
4179,2,4
4179,3,2
644,1,2
644,2,3
644,3,2
63,1,3
63,2,5
63,3,5
2646,1,2
2646,2,1
2646,3,1
2897,1,3
2897,2,2
2897,3,4
800,1,5
800,2,4
800,3,2
3795,1,5
3795,2,2
3795,3,4
3329,1,5
3329,2,1
3329,3,2
568,1,3
568,2,5
568,3,2
854,1,3
854,2,5
854,3,5
2697,1,5
2697,2,5
2697,3,5
167,1,2
167,2,1
167,3,4
738,1,3
738,2,5
738,3,4
1713,1,3
1713,2,2
1713,3,4
347,1,1
347,2,5
347,3,5
757,1,3
757,2,3
757,3,5
2921,1,3
2921,2,3
2921,3,5
3312,1,4
3312,2,3
3312,3,3
4668,1,3
4668,2,3
4668,3,5
3260,1,3
3260,2,5
3260,3,5
228,1,5
228,2,2
228,3,3
1273,1,4
1273,2,1
1273,3,5
676,1,3
676,2,1
676,3,1
1516,1,3
1516,2,4
1516,3,4
4827,1,5
4827,2,1
4827,3,2
582,1,1
582,2,1
582,3,2
4261,1,5
4261,2,5
4261,3,3
746,1,5
746,2,4
746,3,1
1621,1,2
1621,2,1
1621,3,1
2879,1,3
2879,2,2
2879,3,5
2600,1,5
2600,2,1
2600,3,3
2038,1,1
2038,2,3
2038,3,1
1881,1,3
1881,2,3
1881,3,4
1033,1,5
1033,2,2
1033,3,1
1698,1,4
1698,2,1
1698,3,2
3019,1,4
3019,2,1
3019,3,3
2875,1,4
2875,2,5
2875,3,3
136,1,1
136,2,5
136,3,5
25,1,3
25,2,2
25,3,2
3552,1,5
3552,2,5
3552,3,4
2562,1,4
2562,2,5
2562,3,4
3812,1,5
3812,2,1
3812,3,2
1562,1,5
1562,2,3
1562,3,2
4476,1,3
4476,2,5
4476,3,1
3327,1,4
3327,2,5
3327,3,1
2286,1,1
2286,2,5
2286,3,4
1278,1,2
1278,2,1
1278,3,2
3370,1,2
3370,2,2
3370,3,4
3285,1,5
3285,2,3
3285,3,2
751,1,1
751,2,4
751,3,1
760,1,2
760,2,3
760,3,2
450,1,5
450,2,1
450,3,2
4172,1,5
4172,2,1
4172,3,5
2167,1,4
2167,2,3
2167,3,1
3090,1,3
3090,2,2
3090,3,1
947,1,3
947,2,2
947,3,5
4512,1,5
4512,2,4
4512,3,2
2031,1,4
2031,2,2
2031,3,4
4792,1,3
4792,2,4
4792,3,3
2327,1,5
2327,2,3
2327,3,1
2305,1,1
2305,2,5
2305,3,5
2008,1,5
2008,2,5
2008,3,4
2833,1,2
2833,2,5
2833,3,5
4911,1,3
4911,2,4
4911,3,5
1056,1,3
1056,2,2
1056,3,3
2744,1,1
2744,2,5
2744,3,1
12,1,1
12,2,5
12,3,3
1438,1,3
1438,2,4
1438,3,1
4902,1,1
4902,2,1
4902,3,5
1452,1,2
1452,2,5
1452,3,1
1872,1,5
1872,2,5
1872,3,2
2063,1,2
2063,2,2
2063,3,2
1687,1,5
1687,2,5
1687,3,5
2478,1,2
2478,2,2
2478,3,2
426,1,1
426,2,2
426,3,1
2721,1,5
2721,2,1
2721,3,3
4026,1,4
4026,2,2
4026,3,1
3596,1,5
3596,2,5
3596,3,1
1537,1,4
1537,2,4
1537,3,1
867,1,2
867,2,3
867,3,5
3729,1,3
3729,2,4
3729,3,4
790,1,1
790,2,1
790,3,4
1472,1,3
1472,2,1
1472,3,4
1269,1,3
1269,2,5
1269,3,3
2472,1,4
2472,2,2
2472,3,5
369,1,5
369,2,2
369,3,1
1794,1,1
1794,2,1
1794,3,4
2170,1,5
2170,2,1
2170,3,1
2173,1,2
2173,2,2
2173,3,1
1128,1,5
1128,2,3
1128,3,5
4411,1,1
4411,2,3
4411,3,3
121,1,5
121,2,4
121,3,4
3702,1,1
3702,2,4
3702,3,3
3608,1,2
3608,2,1
3608,3,1
4705,1,1
4705,2,5
4705,3,3
4164,1,5
4164,2,5
4164,3,2
2259,1,4
2259,2,3
2259,3,2
546,1,2
546,2,4
546,3,1
2823,1,2
2823,2,2
2823,3,5
4485,1,4
4485,2,1
4485,3,4
4542,1,1
4542,2,1
4542,3,1
4453,1,1
4453,2,2
4453,3,1
851,1,5
851,2,3
851,3,3
799,1,5
799,2,4
799,3,2
4338,1,1
4338,2,1
4338,3,2
4729,1,4
4729,2,4
4729,3,4
2070,1,5
2070,2,5
2070,3,3
4456,1,5
4456,2,5
4456,3,1
2631,1,1
2631,2,2
2631,3,1
4892,1,2
4892,2,2
4892,3,2
2174,1,1
2174,2,2
2174,3,2
630,1,3
630,2,4
630,3,1
2382,1,3
2382,2,3
2382,3,2
2350,1,5
2350,2,2
2350,3,1
4275,1,5
4275,2,1
4275,3,4
2757,1,2
2757,2,2
2757,3,4
4036,1,4
4036,2,5
4036,3,3
2355,1,1
2355,2,2
2355,3,2
4494,1,4
4494,2,3
4494,3,2
412,1,1
412,2,1
412,3,2
4136,1,5
4136,2,1
4136,3,1
4357,1,4
4357,2,5
4357,3,5
3569,1,3
3569,2,5
3569,3,4
4719,1,4
4719,2,4
4719,3,3
3733,1,4
3733,2,5
3733,3,1
3489,1,4
3489,2,1
3489,3,2
1976,1,3
1976,2,3
1976,3,1
1721,1,3
1721,2,5
1721,3,4
2330,1,3
2330,2,1
2330,3,1
4525,1,3
4525,2,3
4525,3,4
4115,1,5
4115,2,3
4115,3,2
2157,1,5
2157,2,3
2157,3,1
1440,1,5
1440,2,3
1440,3,1
2894,1,4
2894,2,3
2894,3,3
445,1,5
445,2,2
445,3,5
45,1,4
45,2,5
45,3,5
4956,1,4
4956,2,1
4956,3,4
3444,1,5
3444,2,1
3444,3,4
213,1,3
213,2,3
213,3,1
660,1,1
660,2,4
660,3,2
2185,1,3
2185,2,1
2185,3,2
1424,1,3
1424,2,4
1424,3,1
3078,1,1
3078,2,5
3078,3,3
900,1,3
900,2,2
900,3,1
3627,1,1
3627,2,4
3627,3,2
1476,1,5
1476,2,3
1476,3,2
420,1,4
420,2,2
420,3,2
4159,1,1
4159,2,2
4159,3,2
4498,1,4
4498,2,1
4498,3,2
1504,1,4
1504,2,2
1504,3,1
1925,1,4
1925,2,3
1925,3,5
3357,1,4
3357,2,4
3357,3,3
1214,1,4
1214,2,4
1214,3,1
4015,1,4
4015,2,5
4015,3,5
4865,1,2
4865,2,1
4865,3,3
402,1,2
402,2,2
402,3,3
4794,1,4
4794,2,4
4794,3,1
117,1,3
117,2,3
117,3,1
3228,1,4
3228,2,1
3228,3,4
1153,1,3
1153,2,5
1153,3,3
2618,1,4
2618,2,4
2618,3,4
2730,1,4
2730,2,2
2730,3,5
1395,1,2
1395,2,2
1395,3,2
2230,1,4
2230,2,4
2230,3,4
679,1,4
679,2,1
679,3,3
163,1,2
163,2,1
163,3,2
4877,1,5
4877,2,5
4877,3,1
4042,1,3
4042,2,3
4042,3,3
1467,1,5
1467,2,3
1467,3,5
243,1,1
243,2,2
243,3,5
3634,1,5
3634,2,3
3634,3,3
2860,1,2
2860,2,5
2860,3,5
164,1,1
164,2,4
164,3,3
776,1,1
776,2,5
776,3,2
4165,1,5
4165,2,1
4165,3,1
2390,1,2
2390,2,5
2390,3,2
2536,1,3
2536,2,4
2536,3,4
4986,1,4
4986,2,1
4986,3,5
1457,1,3
1457,2,5
1457,3,5
2431,1,4
2431,2,5
2431,3,4
1819,1,5
1819,2,2
1819,3,4
3073,1,5
3073,2,4
3073,3,4
2476,1,2
2476,2,2
2476,3,5
2614,1,4
2614,2,3
2614,3,5
2751,1,5
2751,2,1
2751,3,3
4910,1,3
4910,2,4
4910,3,2
3400,1,2
3400,2,1
3400,3,1
3437,1,2
3437,2,1
3437,3,4
3368,1,2
3368,2,5
3368,3,2
4700,1,2
4700,2,4
4700,3,4
2916,1,2
2916,2,5
2916,3,2
2662,1,3
2662,2,5
2662,3,3
628,1,1
628,2,1
628,3,3
2023,1,1
2023,2,4
2023,3,1
4992,1,3
4992,2,4
4992,3,5
2410,1,3
2410,2,5
2410,3,2
3926,1,4
3926,2,5
3926,3,5
700,1,3
700,2,1
700,3,2
3930,1,3
3930,2,1
3930,3,2
4287,1,1
4287,2,4
4287,3,1
1207,1,1
1207,2,3
1207,3,3
4030,1,3
4030,2,4
4030,3,2
454,1,4
454,2,5
454,3,5
3004,1,2
3004,2,1
3004,3,1
894,1,1
894,2,1
894,3,4
4510,1,2
4510,2,3
4510,3,3
607,1,5
607,2,4
607,3,2
2699,1,1
2699,2,5
2699,3,3
2189,1,5
2189,2,5
2189,3,2
2452,1,4
2452,2,5
2452,3,4
1707,1,3
1707,2,3
1707,3,4
259,1,1
259,2,4
259,3,5
2551,1,5
2551,2,1
2551,3,2
951,1,3
951,2,3
951,3,5
235,1,2
235,2,5
235,3,2
3632,1,4
3632,2,2
3632,3,1
3704,1,5
3704,2,3
3704,3,4
2128,1,2
2128,2,5
2128,3,1
2863,1,3
2863,2,1
2863,3,1
3655,1,2
3655,2,5
3655,3,1
3269,1,2
3269,2,3
3269,3,1
2081,1,4
2081,2,5
2081,3,3
2296,1,3
2296,2,3
2296,3,3
3522,1,3
3522,2,1
3522,3,5
3556,1,5
3556,2,5
3556,3,1
2363,1,2
2363,2,1
2363,3,4
617,1,5
617,2,1
617,3,3
2651,1,1
2651,2,3
2651,3,2
2906,1,1
2906,2,1
2906,3,5
3042,1,2
3042,2,5
3042,3,2
87,1,4
87,2,1
87,3,5
3131,1,1
3131,2,5
3131,3,4
566,1,4
566,2,5
566,3,4
4949,1,4
4949,2,5
4949,3,4
1937,1,2
1937,2,4
1937,3,5
514,1,2
514,2,5
514,3,3
2148,1,4
2148,2,4
2148,3,1
1370,1,5
1370,2,4
1370,3,5
1157,1,5
1157,2,4
1157,3,5
649,1,4
649,2,1
649,3,3
4692,1,2
4692,2,1
4692,3,5
920,1,5
920,2,1
920,3,3
523,1,3
523,2,5
523,3,2
3726,1,5
3726,2,1
3726,3,4
2989,1,1
2989,2,1
2989,3,2
4806,1,2
4806,2,4
4806,3,3
1243,1,5
1243,2,1
1243,3,4
3218,1,1
3218,2,2
3218,3,2
79,1,4
79,2,2
79,3,3
3688,1,1
3688,2,2
3688,3,2
1217,1,5
1217,2,3
1217,3,4
2748,1,5
2748,2,3
2748,3,2
1481,1,4
1481,2,3
1481,3,4
364,1,4
364,2,5
364,3,5
645,1,3
645,2,3
645,3,3
1552,1,5
1552,2,5
1552,3,1
4987,1,3
4987,2,1
4987,3,4
3752,1,2
3752,2,5
3752,3,3
204,1,4
204,2,1
204,3,2
2573,1,2
2573,2,2
2573,3,3
3337,1,4
3337,2,4
3337,3,3
197,1,5
197,2,3
197,3,3
2073,1,1
2073,2,5
2073,3,4
3764,1,5
3764,2,4
3764,3,1
3381,1,5
3381,2,5
3381,3,4
4988,1,1
4988,2,5
4988,3,1
4830,1,1
4830,2,2
4830,3,2
336,1,5
336,2,4
336,3,3
4320,1,4
4320,2,3
4320,3,1
3672,1,2
3672,2,1
3672,3,2
1963,1,3
1963,2,3
1963,3,5
3819,1,1
3819,2,4
3819,3,3
2649,1,1
2649,2,4
2649,3,4
75,1,2
75,2,3
75,3,2
1362,1,5
1362,2,5
1362,3,5
2957,1,1
2957,2,4
2957,3,1
4676,1,1
4676,2,1
4676,3,1
916,1,3
916,2,2
916,3,4
657,1,5
657,2,2
657,3,3
4083,1,1
4083,2,2
4083,3,4
3454,1,2
3454,2,3
3454,3,3
4355,1,4
4355,2,5
4355,3,2
703,1,1
703,2,1
703,3,2
2820,1,2
2820,2,4
2820,3,1
4604,1,5
4604,2,5
4604,3,1
1069,1,5
1069,2,3
1069,3,5
2252,1,1
2252,2,2
2252,3,3
4053,1,2
4053,2,3
4053,3,1
948,1,1
948,2,2
948,3,4
3435,1,4
3435,2,4
3435,3,4
4761,1,2
4761,2,2
4761,3,5
2577,1,4
2577,2,3
2577,3,3
1076,1,1
1076,2,4
1076,3,3
2139,1,3
2139,2,2
2139,3,1
3460,1,3
3460,2,4
3460,3,2
3254,1,3
3254,2,3
3254,3,5
3666,1,1
3666,2,4
3666,3,1
3407,1,1
3407,2,5
3407,3,2
2917,1,2
2917,2,2
2917,3,4
1126,1,3
1126,2,4
1126,3,4
304,1,1
304,2,5
304,3,2
1420,1,1
1420,2,5
1420,3,2
508,1,1
508,2,3
508,3,2
3650,1,5
3650,2,4
3650,3,5
3982,1,5
3982,2,3
3982,3,4
287,1,2
287,2,5
287,3,4
4267,1,3
4267,2,2
4267,3,4
1364,1,3
1364,2,1
1364,3,2
4029,1,3
4029,2,4
4029,3,2
1798,1,5
1798,2,2
1798,3,5
4417,1,5
4417,2,5
4417,3,4
4010,1,1
4010,2,4
4010,3,5
3062,1,3
3062,2,5
3062,3,1
1441,1,1
1441,2,5
1441,3,1
4696,1,2
4696,2,2
4696,3,1
2134,1,2
2134,2,4
2134,3,3
1748,1,4
1748,2,3
1748,3,5
1517,1,3
1517,2,1
1517,3,3
353,1,5
353,2,1
353,3,4
633,1,1
633,2,4
633,3,3
38,1,3
38,2,5
38,3,4
2520,1,2
2520,2,3
2520,3,1
2885,1,4
2885,2,2
2885,3,4
4755,1,4
4755,2,1
4755,3,1
312,1,5
312,2,5
312,3,2
1928,1,1
1928,2,1
1928,3,5
2194,1,2
2194,2,3
2194,3,4
4731,1,2
4731,2,2
4731,3,5
3258,1,4
3258,2,3
3258,3,1
2103,1,4
2103,2,4
2103,3,5
4915,1,3
4915,2,4
4915,3,5
554,1,4
554,2,1
554,3,4
4758,1,5
4758,2,3
4758,3,1
2100,1,1
2100,2,2
2100,3,3
2716,1,5
2716,2,3
2716,3,5
1200,1,4
1200,2,5
1200,3,1
2419,1,5
2419,2,4
2419,3,4
159,1,2
159,2,5
159,3,2
614,1,2
614,2,3
614,3,2
3902,1,5
3902,2,3
3902,3,4
527,1,2
527,2,2
527,3,5
4273,1,1
4273,2,4
4273,3,5
203,1,4
203,2,5
203,3,4
3990,1,5
3990,2,5
3990,3,1
2964,1,1
2964,2,2
2964,3,2
405,1,1
405,2,4
405,3,5
600,1,1
600,2,4
600,3,2
4171,1,3
4171,2,4
4171,3,4
1237,1,3
1237,2,5
1237,3,1
3723,1,2
3723,2,1
3723,3,5
128,1,1
128,2,1
128,3,1
3210,1,3
3210,2,4
3210,3,2
2320,1,2
2320,2,5
2320,3,2
1574,1,1
1574,2,3
1574,3,3
3249,1,5
3249,2,1
3249,3,5
1414,1,2
1414,2,2
1414,3,1
2602,1,2
2602,2,4
2602,3,1
4181,1,1
4181,2,3
4181,3,3
1174,1,5
1174,2,5
1174,3,5
605,1,2
605,2,4
605,3,4
930,1,3
930,2,1
930,3,5
615,1,5
615,2,4
615,3,1
1291,1,4
1291,2,2
1291,3,5
3844,1,2
3844,2,5
3844,3,5
1916,1,1
1916,2,2
1916,3,5
1351,1,4
1351,2,5
1351,3,3
1579,1,5
1579,2,1
1579,3,4
976,1,5
976,2,3
976,3,2
2488,1,2
2488,2,2
2488,3,4
890,1,1
890,2,3
890,3,1
3732,1,1
3732,2,4
3732,3,1
3854,1,4
3854,2,1
3854,3,3
322,1,1
322,2,1
322,3,1
2723,1,5
2723,2,4
2723,3,4
2295,1,1
2295,2,1
2295,3,3
453,1,4
453,2,1
453,3,1
4822,1,3
4822,2,4
4822,3,2
1765,1,4
1765,2,3
1765,3,5
2420,1,4
2420,2,1
2420,3,1
4092,1,5
4092,2,5
4092,3,1
2235,1,2
2235,2,2
2235,3,3
2990,1,1
2990,2,1
2990,3,5
4893,1,2
4893,2,2
4893,3,4
2822,1,2
2822,2,2
2822,3,3
1736,1,1
1736,2,4
1736,3,3
1023,1,4
1023,2,1
1023,3,3
1953,1,3
1953,2,3
1953,3,4
3235,1,5
3235,2,3
3235,3,5
4838,1,3
4838,2,3
4838,3,2
1716,1,2
1716,2,1
1716,3,1
174,1,3
174,2,2
174,3,1
1615,1,3
1615,2,5
1615,3,2
2316,1,3
2316,2,2
2316,3,1
1302,1,3
1302,2,2
1302,3,5
2745,1,1
2745,2,5
2745,3,5
1247,1,3
1247,2,5
1247,3,4
1532,1,5
1532,2,5
1532,3,2
4768,1,2
4768,2,2
4768,3,5
3122,1,2
3122,2,4
3122,3,2
2679,1,3
2679,2,3
2679,3,2
2492,1,4
2492,2,4
2492,3,5
1068,1,4
1068,2,5
1068,3,3
1656,1,2
1656,2,2
1656,3,4
4113,1,4
4113,2,4
4113,3,1
4312,1,5
4312,2,2
4312,3,1
3497,1,2
3497,2,5
3497,3,3
2105,1,4
2105,2,3
2105,3,3
2388,1,2
2388,2,1
2388,3,3
3155,1,5
3155,2,4
3155,3,3
4340,1,2
4340,2,5
4340,3,3
3478,1,3
3478,2,3
3478,3,4
2149,1,3
2149,2,1
2149,3,3
1743,1,4
1743,2,5
1743,3,3
4643,1,3
4643,2,2
4643,3,5
2796,1,5
2796,2,4
2796,3,3
1195,1,2
1195,2,1
1195,3,3
140,1,4
140,2,4
140,3,4
2443,1,4
2443,2,2
2443,3,3
1705,1,4
1705,2,1
1705,3,1
3187,1,2
3187,2,2
3187,3,5
1626,1,1
1626,2,4
1626,3,3
944,1,3
944,2,3
944,3,5
716,1,4
716,2,1
716,3,4
313,1,5
313,2,2
313,3,2
2499,1,1
2499,2,2
2499,3,5
4293,1,1
4293,2,1
4293,3,2
3984,1,2
3984,2,3
3984,3,3
4809,1,4
4809,2,2
4809,3,5
1861,1,5
1861,2,3
1861,3,3
331,1,2
331,2,4
331,3,2
3718,1,2
3718,2,4
3718,3,3
397,1,5
397,2,3
397,3,4
3436,1,3
3436,2,4
3436,3,4
2956,1,3
2956,2,1
2956,3,2
415,1,4
415,2,5
415,3,4
4467,1,3
4467,2,5
4467,3,5
4869,1,5
4869,2,3
4869,3,4
3281,1,2
3281,2,4
3281,3,3
1710,1,2
1710,2,1
1710,3,3
4726,1,2
4726,2,2
4726,3,2
539,1,5
539,2,1
539,3,4
2995,1,2
2995,2,3
2995,3,2
767,1,2
767,2,5
767,3,5
4454,1,5
4454,2,1
4454,3,1
4833,1,1
4833,2,2
4833,3,4
492,1,1
492,2,3
492,3,5
690,1,1
690,2,2
690,3,4
2949,1,1
2949,2,4
2949,3,3
1911,1,5
1911,2,5
1911,3,1
3262,1,3
3262,2,3
3262,3,5
170,1,4
170,2,3
170,3,3
1974,1,5
1974,2,2
1974,3,5
1164,1,2
1164,2,4
1164,3,3
942,1,1
942,2,1
942,3,2
3212,1,5
3212,2,3
3212,3,4
3862,1,2
3862,2,3
3862,3,2
4393,1,2
4393,2,5
4393,3,3
279,1,5
279,2,1
279,3,3
1186,1,2
1186,2,4
1186,3,1
218,1,2
218,2,5
218,3,2
3842,1,1
3842,2,4
3842,3,2
3430,1,5
3430,2,5
3430,3,2
1676,1,2
1676,2,5
1676,3,2
765,1,3
765,2,4
765,3,4
2160,1,5
2160,2,5
2160,3,1
2934,1,2
2934,2,3
2934,3,2
4763,1,3
4763,2,5
4763,3,2
1587,1,4
1587,2,4
1587,3,3
1248,1,4
1248,2,2
1248,3,3
185,1,2
185,2,5
185,3,2
3047,1,1
3047,2,3
3047,3,2
3046,1,2
3046,2,2
3046,3,2
1958,1,1
1958,2,2
1958,3,3
1520,1,2
1520,2,5
1520,3,5
4349,1,5
4349,2,2
4349,3,3
769,1,4
769,2,3
769,3,5
2636,1,2
2636,2,5
2636,3,5
162,1,1
162,2,5
162,3,3
3198,1,3
3198,2,1
3198,3,3
428,1,3
428,2,1
428,3,2
119,1,5
119,2,5
119,3,1
1450,1,1
1450,2,2
1450,3,5
3532,1,3
3532,2,4
3532,3,1
3401,1,5
3401,2,3
3401,3,5
968,1,4
968,2,1
968,3,1
3773,1,2
3773,2,1
3773,3,5
1796,1,1
1796,2,4
1796,3,4
1314,1,1
1314,2,2
1314,3,1
2583,1,5
2583,2,2
2583,3,4
1724,1,1
1724,2,5
1724,3,3
3293,1,4
3293,2,1
3293,3,3
3628,1,5
3628,2,1
3628,3,5
3778,1,3
3778,2,1
3778,3,4
2652,1,5
2652,2,4
2652,3,5
2154,1,4
2154,2,1
2154,3,4
4254,1,4
4254,2,3
4254,3,2
3223,1,5
3223,2,2
3223,3,1
2773,1,3
2773,2,5
2773,3,4
3298,1,4
3298,2,4
3298,3,3
1838,1,3
1838,2,1
1838,3,1
1510,1,4
1510,2,2
1510,3,1
3227,1,2
3227,2,3
3227,3,4
4867,1,5
4867,2,1
4867,3,3
969,1,2
969,2,5
969,3,5
3237,1,4
3237,2,5
3237,3,4
2165,1,3
2165,2,4
2165,3,3
4546,1,1
4546,2,3
4546,3,5
3836,1,2
3836,2,4
3836,3,1
3846,1,4
3846,2,5
3846,3,1
2217,1,1
2217,2,2
2217,3,4
3421,1,5
3421,2,3
3421,3,2
1844,1,1
1844,2,2
1844,3,3
926,1,3
926,2,5
926,3,4
2190,1,2
2190,2,5
2190,3,1
2110,1,1
2110,2,3
2110,3,4
3130,1,1
3130,2,1
3130,3,3
2664,1,1
2664,2,5
2664,3,5
2102,1,5
2102,2,1
2102,3,3
1138,1,3
1138,2,5
1138,3,4
3506,1,3
3506,2,4
3506,3,1
2715,1,2
2715,2,5
2715,3,5
3934,1,5
3934,2,3
3934,3,3
731,1,1
731,2,2
731,3,1
3025,1,2
3025,2,5
3025,3,4
1442,1,2
1442,2,1
1442,3,3
3396,1,4
3396,2,1
3396,3,1
1566,1,4
1566,2,1
1566,3,2
1432,1,1
1432,2,1
1432,3,4
789,1,5
789,2,2
789,3,3
3323,1,3
3323,2,2
3323,3,4
3391,1,5
3391,2,2
3391,3,5
6,1,4
6,2,3
6,3,3
182,1,5
182,2,5
182,3,3
3146,1,1
3146,2,1
3146,3,3
1597,1,3
1597,2,2
1597,3,4
1595,1,5
1595,2,4
1595,3,5
4400,1,4
4400,2,4
4400,3,3
2644,1,2
2644,2,4
2644,3,5
4831,1,5
4831,2,3
4831,3,4
2587,1,1
2587,2,1
2587,3,3
2319,1,1
2319,2,2
2319,3,2
4002,1,1
4002,2,4
4002,3,1
4404,1,4
4404,2,5
4404,3,4
2519,1,1
2519,2,3
2519,3,1
2653,1,4
2653,2,3
2653,3,5
3149,1,2
3149,2,4
3149,3,1
2539,1,1
2539,2,3
2539,3,3
744,1,4
744,2,5
744,3,3
4828,1,4
4828,2,4
4828,3,2
752,1,4
752,2,3
752,3,3
1173,1,4
1173,2,2
1173,3,4
4169,1,5
4169,2,4
4169,3,4
3021,1,4
3021,2,3
3021,3,2
3754,1,2
3754,2,2
3754,3,2
2927,1,2
2927,2,2
2927,3,2
